date,symbol,side,shares,price,reason
2021-04-22,ADANIENT,BUY,17.67952659936924,1131.2520099216654,INIT
2021-04-22,ADANIPORTS,BUY,29.881536955978188,669.3096151467785,INIT
2021-04-22,APOLLOHOSP,BUY,6.198072700492825,3226.8095207095175,INIT
2021-04-22,ASIANPAINT,BUY,8.175963587639707,2446.194847324869,INIT
2021-04-22,AXISBANK,BUY,31.331525338556602,638.3347055046817,INIT
2021-04-22,BAJAJ-AUTO,BUY,6.362164393879529,3143.584283870473,INIT
2021-04-22,BAJFINANCE,BUY,44.87309889369498,445.70133316132876,INIT
2021-04-22,BAJAJFINSV,BUY,20.664943726586024,967.8226209863541,INIT
2021-04-22,BEL,BUY,520.6254264561388,38.41533467955765,INIT
2021-04-22,BHARTIARTL,BUY,39.33488894286605,508.4544672046745,INIT
2021-04-22,CIPLA,BUY,21.656373511588274,923.5156564555024,INIT
2021-04-22,COALINDIA,BUY,243.1784557707619,82.24412782213523,INIT
2021-04-22,DRREDDY,BUY,19.92163671840474,1003.9335764778233,INIT
2021-04-22,EICHERMOT,BUY,9.015612134939227,2218.3740494438225,INIT
2021-04-22,GRASIM,BUY,16.189608057974638,1235.3603576059675,INIT
2021-04-22,HCLTECH,BUY,25.32539187966878,789.72124478974,INIT
2021-04-22,HDFCBANK,BUY,30.60204154009332,653.551168270815,INIT
2021-04-22,HDFCLIFE,BUY,30.217433270209565,661.8695843937672,INIT
2021-04-22,HINDALCO,BUY,57.43877471806211,348.1968426062339,INIT
2021-04-22,HINDUNILVR,BUY,9.099772816077223,2197.8570678890533,INIT
2021-04-22,ICICIBANK,BUY,37.46107181935771,533.8875538970873,INIT
2021-04-22,ITC,BUY,125.94882741105596,158.79465026479772,INIT
2021-04-22,INFY,BUY,16.75998842306179,1193.3182467166828,INIT
2021-04-22,INDIGO,BUY,13.1801300141897,1517.4357140990296,INIT
2021-04-22,JSWSTEEL,BUY,34.31507117121325,582.8342858509909,INIT
2021-04-22,KOTAKBANK,BUY,59.42759023742768,336.5440180242062,INIT
2021-04-22,LT,BUY,16.088620222711647,1243.1146812556876,INIT
2021-04-22,M&M,BUY,26.37035959372909,758.4272762346415,INIT
2021-04-22,MARUTI,BUY,3.1493283814118533,6350.560366472149,INIT
2021-04-22,MAXHEALTH,BUY,84.82603726884695,235.77666296743493,INIT
2021-04-22,NTPC,BUY,244.73141068888228,81.72224375981405,INIT
2021-04-22,NESTLEIND,BUY,24.611751002233966,812.6199553288442,INIT
2021-04-22,ONGC,BUY,266.8509383862595,74.94820936717315,INIT
2021-04-22,POWERGRID,BUY,225.49489810327023,88.69380269011927,INIT
2021-04-22,RELIANCE,BUY,23.30987811996287,858.0053442180699,INIT
2021-04-22,SBILIFE,BUY,22.429618109548915,891.678133007777,INIT
2021-04-22,SHRIRAMFIN,BUY,82.75900887042151,241.66553313023184,INIT
2021-04-22,SBIN,BUY,66.48812130942525,300.805611680967,INIT
2021-04-22,SUNPHARMA,BUY,32.29261481832392,619.3366536751098,INIT
2021-04-22,TCS,BUY,7.227171682538475,2767.3342876746483,INIT
2021-04-22,TATACONSUM,BUY,30.540747711267,654.8628143973588,INIT
2021-04-22,TATASTEEL,BUY,258.1488838451495,77.47467160073793,INIT
2021-04-22,TECHM,BUY,24.47422129524141,817.1863675960409,INIT
2021-04-22,TITAN,BUY,13.275211695034105,1506.5673120287381,INIT
2021-04-22,TRENT,BUY,27.475483924168568,727.9216648266994,INIT
2021-04-22,ULTRACEMCO,BUY,3.316404276743753,6030.627852053433,INIT
2021-04-22,WIPRO,BUY,91.80399881751084,217.8554339420035,INIT
2021-04-23,AXISBANK,SELL,31.331525338556602,653.2723816339767,EXIT
2021-04-23,BAJAJ-AUTO,SELL,6.362164393879529,3218.0901016848197,EXIT
2021-04-23,BAJFINANCE,SELL,44.87309889369498,452.6660263753332,EXIT
2021-04-23,BEL,SELL,520.6254264561388,39.27351310630229,EXIT
2021-04-23,BHARTIARTL,SELL,39.33488894286605,507.4951334210851,EXIT
2021-04-23,COALINDIA,SELL,243.1784557707619,82.44206214315463,EXIT
2021-04-23,DRREDDY,SELL,9.96081835920237,1013.246171209001,REDUCE
2021-04-23,EICHERMOT,SELL,9.015612134939227,2202.35701843966,EXIT
2021-04-23,HDFCBANK,SELL,30.60204154009332,667.2852542707776,EXIT
2021-04-23,HDFCLIFE,SELL,15.108716635104782,668.7641206997714,REDUCE
2021-04-23,ICICIBANK,SELL,37.46107181935771,551.2002486168636,EXIT
2021-04-23,ITC,SELL,62.97441370552798,160.56340992860788,REDUCE
2021-04-23,INDIGO,SELL,13.1801300141897,1546.6862838046345,EXIT
2021-04-23,KOTAKBANK,SELL,59.42759023742768,345.3372857413837,EXIT
2021-04-23,LT,SELL,16.088620222711647,1262.0935478057656,EXIT
2021-04-23,M&M,SELL,26.37035959372909,759.3813296609195,EXIT
2021-04-23,MARUTI,SELL,3.1493283814118533,6287.351266795113,EXIT
2021-04-23,MAXHEALTH,SELL,42.41301863442347,226.96676140100772,REDUCE
2021-04-23,NESTLEIND,SELL,24.611751002233966,793.4742498461611,EXIT
2021-04-23,ONGC,SELL,133.42546919312974,74.65545930481763,REDUCE
2021-04-23,RELIANCE,SELL,23.30987811996287,864.2400438171045,EXIT
2021-04-23,SHRIRAMFIN,SELL,41.379504435210755,241.097241636705,REDUCE
2021-04-23,SBIN,SELL,66.48812130942525,306.0189416609871,EXIT
2021-04-23,TCS,SELL,3.6135858412692374,2729.5336560747555,REDUCE
2021-04-23,TITAN,SELL,6.637605847517053,1455.363715501531,REDUCE
2021-04-23,ULTRACEMCO,SELL,1.6582021383718766,5929.388733569222,REDUCE
2021-04-27,HCLTECH,SELL,12.66269593983439,761.108206132126,REDUCE
2021-04-28,HDFCLIFE,SELL,7.554358317552391,672.2113534287766,REDUCE
2021-04-29,INDIGO,BUY,6.07121558310635,1647.1166050874244,REENTRY
2021-04-29,SHRIRAMFIN,SELL,20.689752217605378,260.5317321249272,REDUCE
2021-05-04,TECHM,SELL,12.237110647620705,809.1287388004241,REDUCE
2021-05-05,BAJFINANCE,BUY,17.96345310537763,556.6858410427975,REENTRY
2021-05-05,BEL,BUY,239.85402600473867,41.69202479762602,REENTRY
2021-05-05,TITAN,SELL,3.3188029237585264,1384.4664795047247,REDUCE
2021-05-06,TRENT,SELL,13.737741962084284,792.7761383646516,REDUCE
2021-05-10,COALINDIA,BUY,110.54775208932988,90.45864625016834,REENTRY
2021-05-10,NTPC,SELL,122.36570534444114,88.34836128109794,REDUCE
2021-05-11,NESTLEIND,BUY,12.561552554420583,796.0799396951027,REENTRY
2021-05-11,POWERGRID,SELL,112.74744905163512,95.65018931419776,REDUCE
2021-05-12,TATACONSUM,SELL,15.2703738556335,620.5179243869712,REDUCE
2021-05-14,MAXHEALTH,BUY,42.41301863442347,223.73147532104116,REARM
2021-05-18,ICICIBANK,BUY,16.463785923315122,607.393709234189,REENTRY
2021-05-18,MAXHEALTH,SELL,42.41301863442347,218.50527242062037,REDUCE
2021-05-18,TECHM,SELL,6.1185553238103525,806.0652221574202,REDUCE
2021-05-19,BAJAJ-AUTO,BUY,2.8062217731326204,3563.510231351699,REENTRY
2021-05-19,TRENT,SELL,13.737741962084284,830.5746931539404,EXIT
2021-05-25,SBIN,BUY,26.108321192657552,383.0196482649486,REENTRY
2021-05-25,TCS,SELL,1.8067929206346187,2731.4014013703236,REDUCE
2021-05-25,TATACONSUM,SELL,7.63518692781675,616.6697905610041,REDUCE
2021-05-27,ITC,SELL,31.48720685276399,165.86964530557506,REDUCE
2021-06-03,ULTRACEMCO,SELL,0.8291010691859383,6450.910771653002,REDUCE
2021-06-04,RELIANCE,BUY,9.957585662987839,1004.2595000884415,REENTRY
2021-06-07,HINDUNILVR,SELL,4.549886408038612,2164.7515556880758,REDUCE
2021-06-07,LT,BUY,6.818756570460652,1466.543041486585,REENTRY
2021-06-11,TRENT,BUY,11.359637476426112,880.3097828387855,REENTRY
2021-06-15,ADANIPORTS,SELL,14.940768477989094,779.3890116539543,REDUCE
2021-06-18,ADANIPORTS,SELL,14.940768477989094,624.3654204954994,EXIT
2021-06-21,AXISBANK,BUY,13.85069509532658,721.9854260869652,REENTRY
2021-06-21,EICHERMOT,BUY,3.9401815238414066,2537.9541372628655,REENTRY
2021-06-21,HINDALCO,SELL,28.719387359031057,354.08377835904696,REDUCE
2021-06-21,SHRIRAMFIN,SELL,10.344876108802689,249.46274682711731,REDUCE
2021-06-24,MARUTI,BUY,1.4007151463145404,7139.210300046566,REENTRY
2021-06-24,SUNPHARMA,SELL,16.14630740916196,632.1858399675599,REDUCE
2021-06-25,APOLLOHOSP,SELL,3.0990363502464127,3211.262579595949,REDUCE
2021-07-13,RELIANCE,SELL,4.978792831493919,955.525214607773,REDUCE
2021-07-16,TCS,SELL,0.9033964603173094,2844.484084817698,REDUCE
2021-07-19,RELIANCE,BUY,4.978792831493919,955.5252925444601,REARM
2021-07-20,SHRIRAMFIN,SELL,5.172438054401344,257.3792788501448,REDUCE
2021-07-27,BAJAJ-AUTO,SELL,1.4031108865663102,3483.1837614728015,REDUCE
2021-07-29,BHARTIARTL,BUY,18.156671184277712,550.761750240828,REENTRY
2021-07-29,CIPLA,SELL,10.828186755794137,861.437434619909,REDUCE
2021-08-02,AXISBANK,SELL,6.92534754766329,712.0270365885923,REDUCE
2021-08-12,SHRIRAMFIN,SELL,5.172438054401344,239.61307232379116,EXIT
2021-08-18,COALINDIA,SELL,55.27387604466494,91.877225580038,REDUCE
2021-08-20,AXISBANK,BUY,6.92534754766329,742.6989076884262,REARM
2021-08-24,HDFCBANK,BUY,13.741447368479104,727.725379419533,REENTRY
2021-08-24,HDFCLIFE,SELL,7.554358317552391,662.8351398624612,EXIT
2021-08-24,NTPC,SELL,61.18285267222057,95.1828484383883,REDUCE
2021-08-25,AXISBANK,SELL,6.92534754766329,745.0889680095336,REDUCE
2021-08-26,AXISBANK,BUY,6.92534754766329,731.0475787193946,REARM
2021-08-30,AXISBANK,SELL,6.92534754766329,752.8566195763232,REDUCE
2021-08-31,ADANIPORTS,BUY,13.969672457383172,715.8363970598936,REENTRY
2021-08-31,COALINDIA,SELL,55.27387604466494,94.74736703435977,EXIT
2021-08-31,DRREDDY,SELL,9.96081835920237,910.7957121278642,EXIT
2021-09-01,INDIGO,SELL,3.035607791553175,1902.7844488028445,REDUCE
2021-09-07,SBIN,SELL,13.054160596328776,401.4090930477971,REDUCE
2021-09-08,ADANIPORTS,BUY,13.969672457383172,731.9654982873327,REARM
2021-09-09,ONGC,SELL,66.71273459656487,88.536738344199,REDUCE
2021-09-16,BAJAJ-AUTO,SELL,1.4031108865663102,3436.1381695733494,EXIT
2021-09-16,COALINDIA,BUY,91.20093620550502,109.64799722523448,REENTRY
2021-09-16,EICHERMOT,SELL,3.9401815238414066,2751.3798517316427,EXIT
2021-09-17,HDFCLIFE,BUY,13.337525029990866,749.7642911645091,REENTRY
2021-09-17,MARUTI,SELL,1.4007151463145404,6708.4352317767025,EXIT
2021-09-20,KOTAKBANK,BUY,25.218074075772677,396.5409876247103,REENTRY
2021-09-20,POWERGRID,SELL,56.37372452581756,104.53522474306641,REDUCE
2021-09-21,KOTAKBANK,BUY,25.21807407577268,401.9211930239174,REARM
2021-09-22,ADANIPORTS,SELL,13.969672457383172,733.1385362126509,REDUCE
2021-09-27,ULTRACEMCO,SELL,0.41455053459296914,7375.649320591994,REDUCE
2021-09-29,POWERGRID,BUY,56.37372452581756,108.2517870631968,REARM
2021-10-01,TATACONSUM,SELL,3.817593463908375,786.5214939197028,REDUCE
2021-10-06,ICICIBANK,SELL,8.231892961657561,675.7156064520935,REDUCE
2021-10-07,HDFCLIFE,BUY,13.337525029990866,721.1171230482591,REARM
2021-10-08,APOLLOHOSP,SELL,1.5495181751232063,4404.135436847955,REDUCE
2021-10-08,M&M,BUY,11.598463426574966,862.183173082006,REENTRY
2021-10-08,NESTLEIND,SELL,6.2807762772102915,905.6840752682641,REDUCE
2021-10-12,EICHERMOT,BUY,3.6447065698143946,2743.7050990113717,REENTRY
2021-10-12,GRASIM,SELL,8.094804028987319,1613.9663404507423,REDUCE
2021-10-14,ADANIPORTS,SELL,13.969672457383172,748.8765092057248,EXIT
2021-10-18,ADANIPORTS,BUY,12.461921122664874,802.4444948389777,REENTRY
2021-10-18,HDFCLIFE,SELL,13.337525029990866,691.4822816739595,REDUCE
2021-10-18,TCS,SELL,0.4516982301586547,3196.27290026894,REDUCE
2021-10-20,GRASIM,BUY,8.094804028987319,1670.981555752628,REARM
2021-10-21,APOLLOHOSP,SELL,1.5495181751232063,4135.482855628953,EXIT
2021-10-21,HINDUNILVR,SELL,2.274943204019306,2318.7976896945383,REDUCE
2021-10-22,SHRIRAMFIN,BUY,36.23531593096057,275.97385984030274,REENTRY
2021-10-27,HCLTECH,SELL,6.331347969917195,987.233912078889,REDUCE
2021-10-28,SHRIRAMFIN,BUY,36.23531593096057,281.303746296839,REARM
2021-11-01,MARUTI,BUY,1.4008302500695187,7138.623683707381,REENTRY
2021-11-01,SHRIRAMFIN,SELL,36.23531593096057,267.87328262641853,REDUCE
2021-11-02,AXISBANK,SELL,3.462673773831645,749.3710461596503,REDUCE
2021-11-02,ITC,SELL,15.743603426381995,184.4158354413644,REDUCE
2021-11-08,ITC,SELL,15.743603426381995,185.79084486525838,EXIT
2021-11-09,ITC,BUY,53.78884051031418,185.91216886488692,REENTRY
2021-11-09,INFY,SELL,8.379994211530896,1557.294978023841,REDUCE
2021-11-10,ITC,BUY,53.78884051031418,183.97096412464316,REARM
2021-11-11,ADANIPORTS,SELL,12.461921122664874,718.426894420111,EXIT
2021-11-15,AXISBANK,SELL,3.462673773831645,734.9314215393795,EXIT
2021-11-17,HCLTECH,BUY,6.331347969917195,979.2180249013068,REARM
2021-11-18,APOLLOHOSP,BUY,1.765724051446714,5663.399097841297,REENTRY
2021-11-18,BAJFINANCE,SELL,8.981726552688816,747.6334415202642,REDUCE
2021-11-18,HDFCBANK,SELL,6.870723684239552,725.8466618423676,REDUCE
2021-11-23,HDFCBANK,BUY,6.870723684239552,714.4075058157676,REARM
2021-11-23,BAJFINANCE,BUY,8.981726552688816,686.8023516332993,REARM
2021-11-24,BAJFINANCE,SELL,8.981726552688816,702.5006952801905,REDUCE
2021-11-25,ADANIPORTS,BUY,13.376035418472338,747.6056759082721,REENTRY
2021-11-25,CIPLA,SELL,10.828186755794137,865.8509808996146,EXIT
2021-11-25,ULTRACEMCO,SELL,0.20727526729648457,7391.977265096208,REDUCE
2021-11-26,ULTRACEMCO,BUY,0.20727526729648457,7381.906795150276,REARM
2021-11-29,CIPLA,BUY,10.600721270619674,943.3320379543799,REENTRY
2021-11-29,ULTRACEMCO,SELL,0.20727526729648457,7190.759223365648,REDUCE
2021-12-03,BEL,SELL,119.92701300236934,64.6335215598154,REDUCE
2021-12-06,BEL,BUY,119.92701300236934,64.88470053078395,REARM
2021-12-08,ADANIPORTS,SELL,6.688017709236169,734.3114708459287,REDUCE
2021-12-09,ICICIBANK,SELL,4.1159464808287805,736.2933133542538,REDUCE
2021-12-13,TATACONSUM,SELL,3.817593463908375,748.8837874723578,EXIT
2021-12-14,ULTRACEMCO,BUY,0.20727526729648457,7244.0461482109195,REARM
2021-12-14,BAJFINANCE,BUY,8.981726552688816,704.4629793575427,REARM
2021-12-15,NESTLEIND,SELL,3.1403881386051458,915.6364459025001,REDUCE
2021-12-15,ULTRACEMCO,SELL,0.20727526729648457,7250.890192014387,REDUCE
2021-12-17,ULTRACEMCO,BUY,0.20727526729648457,7245.806125617805,REARM
2021-12-17,TCS,BUY,0.4516982301586547,3195.4303268304093,REARM
2021-12-20,HDFCLIFE,BUY,13.337525029990866,646.0419903781001,REARM
2021-12-21,TCS,SELL,0.4516982301586547,3177.82342259873,REDUCE
2021-12-22,ULTRACEMCO,SELL,0.20727526729648457,7157.028027995696,REDUCE
2021-12-23,ICICIBANK,SELL,4.1159464808287805,716.8929569013119,EXIT
2021-12-27,ULTRACEMCO,BUY,0.20727526729648457,7058.277234685159,REARM
2021-12-28,ADANIPORTS,SELL,6.688017709236169,710.7532929655703,EXIT
2021-12-29,ULTRACEMCO,SELL,0.20727526729648457,7220.580667091018,REDUCE
2021-12-31,DRREDDY,BUY,10.473202592276486,954.8177753550331,REENTRY
2021-12-31,EICHERMOT,SELL,3.6447065698143946,2453.985146596471,EXIT
2022-01-04,BHARTIARTL,SELL,9.078335592138856,676.5773846044389,REDUCE
2022-01-04,EICHERMOT,BUY,3.8393593805324926,2604.601187037893,REENTRY
2022-01-04,HDFCBANK,SELL,13.741447368479104,722.9689818191866,EXIT
2022-01-04,ICICIBANK,BUY,13.424144184961694,744.926444637151,REENTRY
2022-01-04,INDIGO,SELL,3.035607791553175,2010.602273304776,EXIT
2022-01-04,SBIN,SELL,13.054160596328776,440.0088193276059,EXIT
2022-01-07,ADANIPORTS,BUY,13.737063937792161,727.9575930697177,REENTRY
2022-01-07,CIPLA,SELL,5.300360635309837,897.2308365809165,REDUCE
2022-01-07,HINDUNILVR,SELL,2.274943204019306,2225.500274338027,EXIT
2022-01-11,INDIGO,BUY,4.910244630178013,2036.5584106626202,REENTRY
2022-01-11,JSWSTEEL,SELL,17.157535585606624,634.701750017889,REDUCE
2022-01-12,BHARTIARTL,SELL,4.539167796069428,691.9218958799457,REDUCE
2022-01-18,CIPLA,SELL,5.300360635309837,881.5409057889509,EXIT
2022-01-19,EICHERMOT,BUY,3.8393593805324926,2624.9870535736336,REARM
2022-01-20,BHARTIARTL,SELL,2.269583898034714,690.0161010293049,REDUCE
2022-01-20,ULTRACEMCO,SELL,0.10363763364824229,7303.688386499774,REDUCE
2022-01-21,JSWSTEEL,BUY,17.157535585606624,648.9442723364365,REARM
2022-01-24,NTPC,SELL,61.18285267222057,113.95055231980764,EXIT
2022-01-24,SBIN,BUY,21.37424565481763,467.85276830324335,REENTRY
2022-01-25,NTPC,BUY,88.96137181474695,112.40833854073189,REENTRY
2022-01-25,NESTLEIND,SELL,1.5701940693025729,888.0062921122976,REDUCE
2022-01-25,RELIANCE,SELL,4.978792831493919,1069.0734401117095,REDUCE
2022-01-25,ULTRACEMCO,SELL,0.10363763364824229,6961.480878898671,EXIT
2022-01-27,AXISBANK,BUY,13.496980365854585,740.9064641820595,REENTRY
2022-01-27,BAJFINANCE,SELL,8.981726552688816,669.4948691641495,REDUCE
2022-01-27,M&M,SELL,5.799231713287483,815.7793891223238,REDUCE
2022-01-28,CIPLA,BUY,11.143599297072026,897.3761289700622,REENTRY
2022-01-28,DRREDDY,SELL,10.473202592276486,827.2491741270785,EXIT
2022-01-28,NESTLEIND,SELL,1.5701940693025729,879.7278178015339,EXIT
2022-01-31,TITAN,SELL,1.6594014618792632,2322.5210728119946,REDUCE
2022-02-02,ADANIPORTS,SELL,6.868531968896081,707.6252307863992,REDUCE
2022-02-07,HDFCBANK,BUY,13.904117096521123,719.2114343241577,REENTRY
2022-02-07,INFY,SELL,4.189997105765448,1546.0288675415272,REDUCE
2022-02-10,ADANIPORTS,SELL,6.868531968896081,720.3330178907443,EXIT
2022-02-14,AXISBANK,BUY,13.496980365854585,786.7151309578435,REARM
2022-02-16,APOLLOHOSP,SELL,1.765724051446714,4637.23296984878,EXIT
2022-02-18,CIPLA,BUY,11.143599297072026,898.2961954438272,REARM
2022-02-21,BAJFINANCE,SELL,8.981726552688816,686.8023775864598,EXIT
2022-02-22,HDFCBANK,BUY,13.904117096521121,708.6047551441089,REARM
2022-02-23,BEL,SELL,119.92701300236934,62.44990991170287,REDUCE
2022-02-24,INFY,BUY,4.189997105765448,1517.212402711859,REARM
2022-02-24,BEL,BUY,119.92701300236934,61.91207610126968,REARM
2022-02-25,M&M,SELL,5.799231713287483,784.0397492089775,EXIT
2022-03-02,APOLLOHOSP,BUY,2.0974876937802556,4767.608424904378,REENTRY
2022-03-02,BEL,SELL,119.92701300236934,65.66098381444074,REDUCE
2022-03-02,INFY,SELL,4.189997105765448,1535.0768409224868,REDUCE
2022-03-03,RELIANCE,SELL,4.978792831493919,1092.0288927878125,EXIT
2022-03-04,APOLLOHOSP,BUY,2.0974876937802556,4819.955986031387,REARM
2022-03-07,INFY,BUY,4.189997105765448,1523.4066224364515,REARM
2022-03-08,TCS,SELL,0.4516982301586547,3074.4250662664513,EXIT
2022-03-10,CIPLA,SELL,11.143599297072026,951.1285634180833,REDUCE
2022-03-14,RELIANCE,BUY,9.20752553462432,1086.06812572994,REENTRY
2022-03-14,SHRIRAMFIN,SELL,36.23531593096057,204.83661453006334,EXIT
2022-03-15,ICICIBANK,SELL,13.424144184961694,680.4687200830572,EXIT
2022-03-21,ADANIPORTS,BUY,13.805655514570406,724.3408318747386,REENTRY
2022-03-21,HCLTECH,SELL,12.66269593983439,1020.977011348841,EXIT
2022-03-21,TATACONSUM,BUY,13.387799861576985,746.9487222243307,REENTRY
2022-03-21,TECHM,SELL,6.1185553238103525,1301.2979279394171,EXIT
2022-03-25,TCS,BUY,2.9932010806354064,3340.904847554434,REENTRY
2022-03-25,TATACONSUM,SELL,13.387799861576985,715.9870883611983,EXIT
2022-03-29,BAJAJ-AUTO,BUY,2.989103388951654,3345.4848156012513,REENTRY
2022-03-29,EICHERMOT,SELL,7.678718761064985,2281.7840575925816,EXIT
2022-04-01,TATACONSUM,BUY,13.251338707243994,754.640736375819,REENTRY
2022-04-04,HDFCLIFE,SELL,26.675050059981732,553.1857608969585,EXIT
2022-04-05,HCLTECH,BUY,9.876024206508639,1012.5532087507094,REENTRY
2022-04-05,HDFCBANK,SELL,13.904117096521123,792.7449569360995,REDUCE
2022-04-08,BAJFINANCE,BUY,13.90794601757862,719.0134321315841,REENTRY
2022-04-08,HDFCBANK,SELL,13.904117096521123,719.211478547381,EXIT
2022-04-08,TITAN,SELL,0.8297007309396316,2436.3769873005626,REDUCE
2022-04-18,TATACONSUM,BUY,13.251338707243994,789.7144835265052,REARM
2022-04-19,HCLTECH,SELL,9.876024206508639,949.5027797679301,EXIT
2022-04-19,M&M,BUY,11.80451817425343,847.133263076402,REENTRY
2022-04-19,MARUTI,SELL,1.4008302500695187,7311.2781297273905,EXIT
2022-04-20,BAJAJ-AUTO,BUY,2.989103388951654,3316.714944536132,REARM
2022-04-21,BAJAJ-AUTO,SELL,2.989103388951654,3351.998990295042,REDUCE
2022-04-22,EICHERMOT,BUY,3.9620139541688757,2523.9688995738866,REENTRY
2022-04-22,INDIGO,SELL,4.910244630178013,1921.7524413266465,EXIT
2022-04-25,M&M,BUY,11.80451817425343,882.1049119866312,REARM
2022-04-26,SBIN,SELL,10.687122827408816,464.6865621353587,REDUCE
2022-04-29,ONGC,SELL,33.356367298282436,129.6998260193694,REDUCE
2022-05-02,BAJAJ-AUTO,BUY,2.989103388951654,3365.569806216303,REARM
2022-05-04,ONGC,SELL,33.356367298282436,123.85748954032346,EXIT
2022-05-04,TITAN,SELL,0.4148503654698158,2325.482333161152,REDUCE
2022-05-05,APOLLOHOSP,SELL,4.194975387560511,3992.2668632353816,EXIT
2022-05-05,ASIANPAINT,SELL,8.175963587639707,2990.0152555848495,EXIT
2022-05-05,AXISBANK,SELL,26.99396073170917,713.0228945064621,EXIT
2022-05-05,BAJAJ-AUTO,SELL,5.978206777903308,3201.634070835681,EXIT
2022-05-05,BAJFINANCE,SELL,13.90794601757862,627.9335883490273,EXIT
2022-05-05,BAJAJFINSV,SELL,20.664943726586024,1446.9961871827884,EXIT
2022-05-05,EICHERMOT,SELL,3.9620139541688757,2392.6356189701983,EXIT
2022-05-05,GRASIM,SELL,16.189608057974638,1594.6193335427356,EXIT
2022-05-05,HINDALCO,SELL,28.719387359031057,456.72027142661545,EXIT
2022-05-05,INFY,SELL,8.379994211530896,1400.465778478004,EXIT
2022-05-05,KOTAKBANK,SELL,50.43614815154535,358.8795872420037,EXIT
2022-05-05,LT,SELL,6.818756570460652,1584.1494089654504,EXIT
2022-05-05,M&M,SELL,11.80451817425343,877.9083362666822,REDUCE
2022-05-05,MAXHEALTH,SELL,42.41301863442347,378.2779287060718,EXIT
2022-05-05,SBILIFE,SELL,22.429618109548915,1073.9896326130324,EXIT
2022-05-05,TCS,SELL,2.9932010806354064,3120.719554345007,EXIT
2022-05-05,TATACONSUM,SELL,13.251338707243994,783.7156814325601,REDUCE
2022-05-05,TATASTEEL,SELL,258.1488838451495,112.65824721340715,EXIT
2022-05-05,TITAN,SELL,0.4148503654698158,2279.0909034196093,EXIT
2022-05-05,WIPRO,SELL,91.80399881751084,233.74340480205348,EXIT
2022-05-06,MAXHEALTH,BUY,27.635555403325338,361.85268774430773,REENTRY
2022-05-06,TATACONSUM,SELL,13.251338707243994,745.0136189103579,EXIT
2022-05-06,TATASTEEL,BUY,89.60406065616498,111.60208507037092,REENTRY
2022-05-09,CIPLA,SELL,11.143599297072026,905.3178927981182,EXIT
2022-05-09,MAXHEALTH,SELL,27.635555403325338,357.3730974885346,EXIT
2022-05-09,TATASTEEL,SELL,89.60406065616498,110.89796265766985,EXIT
2022-05-10,JSWSTEEL,SELL,34.31507117121325,644.2604993381474,EXIT
2022-05-10,SBIN,SELL,10.687122827408816,444.19937553278925,EXIT
2022-05-10,TRENT,SELL,11.359637476426112,1095.5183045589458,EXIT
2022-05-11,ADANIPORTS,SELL,13.805655514570406,753.6664053322187,EXIT
2022-05-11,COALINDIA,SELL,91.20093620550502,126.82797880189153,EXIT
2022-05-12,BAJAJ-AUTO,BUY,3.083153771240528,3243.43212890625,REENTRY
2022-05-13,BAJAJ-AUTO,SELL,3.083153771240528,3273.3331640853644,EXIT
2022-05-13,RELIANCE,SELL,9.20752553462432,1103.8591166926499,EXIT
2022-05-16,BAJAJ-AUTO,BUY,3.02824811158708,3302.239325019865,REENTRY
2022-05-16,BHARTIARTL,SELL,2.269583898034714,670.3222890796143,EXIT
2022-05-17,EICHERMOT,BUY,3.993816692553048,2503.8705503550536,REENTRY
2022-05-17,MAXHEALTH,BUY,26.88844708825009,371.9069371012457,REENTRY
2022-05-18,MAXHEALTH,SELL,26.88844708825009,369.31872431545963,EXIT
2022-05-19,MARUTI,BUY,1.3916167900992376,7185.886280724517,REENTRY
2022-05-20,MARUTI,SELL,1.3916167900992376,7253.935329360867,EXIT
2022-05-20,MAXHEALTH,BUY,27.00409625529773,370.3141888348949,REENTRY
2022-05-23,MARUTI,BUY,1.3291553151232733,7523.575225723371,REENTRY
2022-05-23,MAXHEALTH,SELL,27.00409625529773,373.79833969213416,EXIT
2022-05-23,RELIANCE,BUY,8.351678609859094,1197.364082975496,REENTRY
2022-05-24,ASIANPAINT,BUY,3.270722219375139,3057.4287051226465,REENTRY
2022-05-24,HINDUNILVR,BUY,4.5084761940777645,2218.044316866036,REENTRY
2022-05-24,MAXHEALTH,BUY,27.521981209698303,363.3459351565926,REENTRY
2022-05-25,ASIANPAINT,SELL,3.270722219375139,2926.695598483671,EXIT
2022-05-25,HINDUNILVR,SELL,4.5084761940777645,2171.400587139213,EXIT
2022-05-25,KOTAKBANK,BUY,26.442535538661204,378.1785595174548,REENTRY
2022-05-25,MAXHEALTH,SELL,27.521981209698303,365.18753466180584,EXIT
2022-05-30,MAXHEALTH,BUY,26.512335785687966,377.1829114128169,REENTRY
2022-05-31,COALINDIA,BUY,72.78507061474808,137.39081264247272,REENTRY
2022-05-31,ICICIBANK,BUY,13.912376320443228,718.7844671298695,REENTRY
2022-05-31,MAXHEALTH,SELL,26.512335785687966,372.3051435216763,EXIT
2022-06-01,KOTAKBANK,SELL,26.442535538661204,366.65097083649437,EXIT
2022-06-01,MAXHEALTH,BUY,26.24565366012861,381.01546753212006,REENTRY
2022-06-01,SBILIFE,BUY,8.670039072245707,1153.397339581978,REENTRY
2022-06-01,SUNPHARMA,SELL,8.07315370458098,841.608624178489,REDUCE
2022-06-02,MAXHEALTH,SELL,26.24565366012861,369.8164588009515,EXIT
2022-06-03,MAXHEALTH,BUY,25.86386273805044,386.6398496342228,REENTRY
2022-06-03,SBILIFE,SELL,8.670039072245707,1145.4565025238276,EXIT
2022-06-06,MAXHEALTH,SELL,25.86386273805044,370.5133191798875,EXIT
2022-06-08,ICICIBANK,SELL,13.912376320443228,714.5163876883088,EXIT
2022-06-10,SBILIFE,BUY,8.724472810997067,1146.2010618446939,REENTRY
2022-06-13,ONGC,BUY,79.24281113024621,126.19441255767234,REENTRY
2022-06-14,SBILIFE,SELL,8.724472810997067,1116.6712160439708,EXIT
2022-06-14,SUNPHARMA,SELL,8.07315370458098,794.4785165198102,EXIT
2022-06-15,ONGC,SELL,79.24281113024621,122.26054627651834,EXIT
2022-06-20,EICHERMOT,SELL,3.993816692553048,2494.277434956638,EXIT
2022-06-21,EICHERMOT,BUY,3.9451446950981848,2534.761275657375,REENTRY
2022-06-21,NTPC,SELL,88.96137181474695,121.8590825035021,EXIT
2022-06-21,POWERGRID,SELL,112.74744905163512,131.1961437135236,EXIT
2022-06-23,RELIANCE,SELL,8.351678609859094,1144.3779613702993,EXIT
2022-06-27,HINDUNILVR,BUY,4.592811253392041,2177.3156892991096,REENTRY
2022-06-28,HINDUNILVR,SELL,4.592811253392041,2181.8281076903877,EXIT
2022-06-28,MAXHEALTH,BUY,26.859690793042855,372.305104963836,REENTRY
2022-06-29,HINDUNILVR,BUY,4.632116148333975,2158.8405125801264,REENTRY
2022-06-29,MAXHEALTH,SELL,26.859690793042855,368.32324081935764,EXIT
2022-06-30,HINDUNILVR,SELL,4.632116148333975,2091.8058308665695,EXIT
2022-07-01,SHRIRAMFIN,BUY,42.2167112481305,236.87302265741587,REENTRY
2022-07-04,COALINDIA,SELL,36.39253530737404,135.35951950614665,REDUCE
2022-07-04,SHRIRAMFIN,SELL,42.2167112481305,234.02949014013973,EXIT
2022-07-05,HINDUNILVR,BUY,4.46058482716929,2241.858497811833,REENTRY
2022-07-05,SHRIRAMFIN,BUY,42.12853807973097,237.3687874256248,REENTRY
2022-07-06,SHRIRAMFIN,SELL,42.12853807973097,238.1731963932868,EXIT
2022-07-07,NESTLEIND,BUY,11.317416373597458,883.5938936848806,REENTRY
2022-07-07,SHRIRAMFIN,BUY,41.76156573298805,239.45462351524952,REENTRY
2022-07-07,SBIN,BUY,21.845891271636667,457.7519807115113,REENTRY
2022-07-07,TRENT,BUY,8.534935324602337,1171.6550412719062,REENTRY
2022-07-08,ICICIBANK,BUY,13.721643915717351,728.7756526421427,REENTRY
2022-07-08,HINDUNILVR,BUY,4.46058482716929,2328.308231372418,REARM
2022-07-08,SHRIRAMFIN,BUY,41.76156573298805,246.90017318706538,REARM
2022-07-08,ICICIBANK,BUY,13.721643915717351,728.7756526421427,REARM
2022-07-08,NESTLEIND,BUY,11.317416373597458,879.2696259943026,REARM
2022-07-08,SBIN,BUY,21.845891271636667,462.48087477604514,REARM
2022-07-08,TRENT,BUY,8.534935324602337,1168.3151405074673,REARM
2022-07-11,SBILIFE,BUY,8.79147112332112,1137.4660576968759,REENTRY
2022-07-11,TATACONSUM,BUY,13.464396258782276,742.6994725795751,REENTRY
2022-07-11,SBILIFE,BUY,8.79147112332112,1137.4660576968759,REARM
2022-07-11,TATACONSUM,BUY,13.464396258782276,742.6994725795751,REARM
2022-07-12,DRREDDY,BUY,11.411576545103848,876.3031085560665,REENTRY
2022-07-12,DRREDDY,BUY,11.411576545103848,876.3031085560665,REARM
2022-07-14,CIPLA,BUY,10.829769425986665,923.3806932218165,REENTRY
2022-07-14,MAXHEALTH,BUY,27.409343576390455,364.8390911708548,REENTRY
2022-07-14,SUNPHARMA,BUY,11.986114300810637,834.298735105812,REENTRY
2022-07-14,CIPLA,BUY,10.829769425986665,923.3806932218165,REARM
2022-07-14,MAXHEALTH,BUY,27.409343576390455,364.8390911708548,REARM
2022-07-14,SUNPHARMA,BUY,11.986114300810637,834.298735105812,REARM
2022-07-22,ADANIPORTS,BUY,13.40936902642041,745.7472443555735,REENTRY
2022-07-22,LT,BUY,5.8274425719753,1716.0186267799374,REENTRY
2022-07-22,LT,BUY,5.8274425719753,1716.0186267799374,REARM
2022-07-22,ADANIPORTS,BUY,13.40936902642041,745.7472443555735,REARM
2022-07-25,AXISBANK,BUY,13.66938259499075,731.5619363572848,REENTRY
2022-07-25,AXISBANK,BUY,13.66938259499075,731.5619363572848,REARM
2022-07-27,ASIANPAINT,BUY,3.3101618434238347,3021.000323554148,REENTRY
2022-07-27,ASIANPAINT,BUY,3.3101618434238347,3021.000323554148,REARM
2022-07-29,BAJFINANCE,BUY,14.153567891456841,706.5356295097893,REENTRY
2022-07-29,BAJFINANCE,BUY,14.153567891456841,706.5356295097893,REARM
2022-08-02,HDFCBANK,BUY,14.41246225056326,693.8439682372236,REENTRY
2022-08-02,JSWSTEEL,BUY,15.912252398370024,628.4465423024809,REENTRY
2022-08-02,TITAN,BUY,4.259711639374242,2347.576748521178,REENTRY
2022-08-02,JSWSTEEL,BUY,15.912252398370024,628.4465423024809,REARM
2022-08-02,HDFCBANK,BUY,14.41246225056326,693.8439682372236,REARM
2022-08-02,TITAN,BUY,4.259711639374242,2347.576748521178,REARM
2022-08-03,INDIGO,BUY,5.12635570985358,1950.7034950342183,REENTRY
2022-08-03,NTPC,BUY,70.85890453285444,141.12552354465768,REENTRY
2022-08-05,AXISBANK,SELL,13.66938259499075,722.0870849776938,REDUCE
2022-08-08,ULTRACEMCO,BUY,1.5054526296692796,6642.520530318391,REENTRY
2022-08-10,ADANIPORTS,SELL,13.40936902642041,790.3846684132195,REDUCE
2022-08-10,BAJAJFINSV,BUY,6.449748531535627,1550.4480447734743,REENTRY
2022-08-10,ICICIBANK,SELL,13.721643915717351,821.8041659557855,REDUCE
2022-08-11,APOLLOHOSP,BUY,2.2302788180221897,4483.744327925777,REENTRY
2022-08-11,ASIANPAINT,SELL,3.3101618434238347,3341.6541072473674,REDUCE
2022-08-11,GRASIM,BUY,6.278131503787856,1592.830604769363,REENTRY
2022-08-11,JSWSTEEL,SELL,15.912252398370024,663.2807925356068,REDUCE
2022-08-12,BAJAJFINSV,BUY,6.449748531535627,1574.4085541395598,REARM
2022-08-16,APOLLOHOSP,SELL,2.2302788180221897,4296.477479663086,EXIT
2022-08-16,TATASTEEL,BUY,94.81182799685008,105.47207253858905,REENTRY
2022-08-16,ULTRACEMCO,SELL,1.5054526296692796,6482.333543024349,EXIT
2022-08-19,ULTRACEMCO,BUY,1.5121684368997363,6613.019922900987,REENTRY
2022-08-22,BAJFINANCE,SELL,14.153567891456841,715.0042200003065,REDUCE
2022-08-22,BHARTIARTL,BUY,13.918657727340205,718.4600840034419,REENTRY
2022-08-22,HDFCBANK,SELL,14.41246225056326,714.4379561754013,REDUCE
2022-08-23,ASIANPAINT,BUY,3.3101618434238347,3228.3280685193886,REARM
2022-08-24,ASIANPAINT,SELL,3.3101618434238347,3234.720916221535,REDUCE
2022-08-29,BAJFINANCE,BUY,14.15356789145684,677.5849500935559,REARM
2022-08-30,BAJFINANCE,SELL,14.153567891456841,689.3030150636228,REDUCE
2022-09-06,SUNPHARMA,SELL,11.986114300810637,855.9517898237292,REDUCE
2022-09-07,GRASIM,BUY,6.278131503787856,1681.3211178029303,REARM
2022-09-08,BAJAJ-AUTO,SELL,1.51412405579354,3627.992286535906,REDUCE
2022-09-12,APOLLOHOSP,BUY,2.257309444898994,4430.052788109192,REENTRY
2022-09-12,BAJAJFINSV,SELL,6.449748531535627,1735.1438326360976,REDUCE
2022-09-12,KOTAKBANK,BUY,26.053908123514773,383.81957718560346,REENTRY
2022-09-12,TATASTEEL,SELL,94.81182799685008,99.07139416624686,EXIT
2022-09-15,APOLLOHOSP,SELL,2.257309444898994,4407.026518315284,EXIT
2022-09-15,TATASTEEL,BUY,99.2186347582762,100.78751863863822,REENTRY
2022-09-15,ULTRACEMCO,SELL,1.5121684368997363,6793.956339275172,EXIT
2022-09-16,ULTRACEMCO,BUY,1.49768150033636,6676.987061504151,REENTRY
2022-09-20,HINDUNILVR,SELL,4.46058482716929,2443.1514617017247,REDUCE
2022-09-21,APOLLOHOSP,BUY,2.216186245532719,4512.256142802761,REENTRY
2022-09-21,INDIGO,SELL,5.12635570985358,1902.7845236524024,EXIT
2022-09-22,TATASTEEL,BUY,99.2186347582762,96.89144680119709,REARM
2022-09-23,NESTLEIND,SELL,11.317416373597458,893.2514528540507,REDUCE
2022-09-26,APOLLOHOSP,BUY,2.216186245532719,4376.026177991925,REARM
2022-09-28,ULTRACEMCO,BUY,1.49768150033636,6047.595039218642,REARM
2022-09-29,BAJAJ-AUTO,SELL,1.51412405579354,3344.5979859082818,EXIT
2022-10-12,HDFCBANK,BUY,14.41246225056326,675.1745875438293,REARM
2022-10-13,ASIANPAINT,SELL,1.6550809217119173,3128.659868149529,REDUCE
2022-10-14,BAJFINANCE,SELL,7.076783945728421,718.8446340760893,REDUCE
2022-10-17,BAJFINANCE,BUY,7.076783945728421,714.4084450289922,REARM
2022-10-18,BAJFINANCE,SELL,7.076783945728421,728.6918115154639,REDUCE
2022-10-19,HINDUNILVR,SELL,2.230292413584645,2458.851980648413,REDUCE
2022-10-20,NESTLEIND,BUY,11.317416373597458,947.4491303652991,REARM
2022-10-21,ADANIPORTS,SELL,13.40936902642041,811.251692973583,EXIT
2022-10-24,BAJFINANCE,SELL,3.5383919728642104,719.8292641818969,REDUCE
2022-10-24,HCLTECH,BUY,10.93499685732936,914.4950044770554,REENTRY
2022-10-24,JSWSTEEL,SELL,15.912252398370024,612.9755859375,EXIT
2022-10-31,POWERGRID,BUY,69.22215699938457,144.46241540969183,REENTRY
2022-10-31,SBILIFE,SELL,8.79147112332112,1249.7783741370101,REDUCE
2022-11-01,ASIANPAINT,SELL,1.6550809217119173,3017.1631414873555,EXIT
2022-11-02,JSWSTEEL,BUY,14.814655678803911,675.0072507123816,REENTRY
2022-11-03,APOLLOHOSP,SELL,2.216186245532719,4328.042278823592,REDUCE
2022-11-07,ADANIPORTS,BUY,11.715416079960987,853.5761710678654,REENTRY
2022-11-07,APOLLOHOSP,SELL,2.216186245532719,4342.352995269626,EXIT
2022-11-10,POWERGRID,SELL,34.61107849969228,136.88914995268757,REDUCE
2022-11-14,INFY,BUY,6.922267932348399,1444.613253594111,REENTRY
2022-11-14,POWERGRID,SELL,34.61107849969228,136.88624883261897,EXIT
2022-11-15,APOLLOHOSP,BUY,2.214242316596223,4516.217545409482,REENTRY
2022-11-15,HINDALCO,BUY,22.362351789533143,447.1801577095559,REENTRY
2022-11-15,INFY,SELL,6.922267932348399,1447.0893718318237,EXIT
2022-11-15,M&M,SELL,5.902259087126715,1251.929736063621,REDUCE
2022-11-16,BAJAJFINSV,SELL,3.2248742657678133,1710.883961449922,REDUCE
2022-11-16,INFY,BUY,6.826916556893825,1464.7901313371106,REENTRY
2022-11-16,TITAN,SELL,4.259711639374242,2633.842118951869,REDUCE
2022-11-17,TCS,BUY,3.3295280631186746,3003.428657283424,REENTRY
2022-11-18,APOLLOHOSP,SELL,2.214242316596223,4387.46551263511,EXIT
2022-11-21,HCLTECH,BUY,10.93499685732936,970.9552709571184,REARM
2022-11-22,APOLLOHOSP,BUY,2.2838855063781773,4378.503200827331,REENTRY
2022-11-22,BAJFINANCE,SELL,3.5383919728642104,657.816660949618,EXIT
2022-11-22,BEL,SELL,59.96350650118467,101.12053783978747,REDUCE
2022-11-22,EICHERMOT,SELL,1.9725723475490924,3264.5749119517527,REDUCE
2022-11-23,MARUTI,SELL,0.6645776575616367,8679.837991948347,REDUCE
2022-11-25,ONGC,BUY,85.91011110015769,116.40073411547066,REENTRY
2022-11-25,POWERGRID,BUY,69.81021296452616,143.2455163126557,REENTRY
2022-11-25,SHRIRAMFIN,SELL,83.5231314659761,246.00225565227194,EXIT
2022-11-29,HDFCLIFE,BUY,17.30063072677583,578.0136087479866,REENTRY
2022-11-29,HINDALCO,SELL,22.362351789533143,424.6250210532432,EXIT
2022-11-29,RELIANCE,BUY,8.10146921132012,1234.3440108402901,REENTRY
2022-11-30,GRASIM,SELL,6.278131503787856,1696.2661012018236,REDUCE
2022-12-01,HINDALCO,BUY,22.411500357227546,446.19948868238413,REENTRY
2022-12-01,ITC,SELL,53.78884051031418,289.9199461229615,REDUCE
2022-12-01,INDIGO,BUY,5.12373358504947,1951.7017881606837,REENTRY
2022-12-01,MARUTI,SELL,0.33228882878081833,8756.587145942953,REDUCE
2022-12-01,SHRIRAMFIN,BUY,39.70054626664528,251.88570285244603,REENTRY
2022-12-02,HDFCLIFE,SELL,17.30063072677583,589.3559774214696,EXIT
2022-12-05,HDFCLIFE,BUY,17.055108561613924,586.3345849645943,REENTRY
2022-12-05,INDIGO,SELL,5.12373358504947,1911.7692838393425,EXIT
2022-12-08,INDIGO,BUY,5.064155313808974,1974.6629754288797,REENTRY
2022-12-08,ONGC,SELL,85.91011110015769,118.28491430903301,EXIT
2022-12-09,EICHERMOT,SELL,1.9725723475490924,3220.6829427328034,EXIT
2022-12-09,ONGC,BUY,83.80004137489102,119.3316833253533,REENTRY
2022-12-09,TCS,SELL,3.3295280631186746,3034.092148416434,EXIT
2022-12-12,HINDALCO,BUY,22.411500357227546,450.1221522928514,REARM
2022-12-13,KOTAKBANK,SELL,13.026954061757387,371.60713031307586,REDUCE
2022-12-14,NTPC,SELL,35.42945226642722,152.729401263061,REDUCE
2022-12-14,TCS,BUY,3.3207787761148286,3011.3418189511494,REENTRY
2022-12-14,TATASTEEL,SELL,99.2186347582762,103.52403548907947,REDUCE
2022-12-16,ONGC,BUY,83.80004137489102,124.23058300983757,REARM
2022-12-20,COALINDIA,SELL,18.19626765368702,180.89748476288304,REDUCE
2022-12-21,NTPC,SELL,17.71472613321361,152.77433408944367,REDUCE
2022-12-22,TATASTEEL,BUY,99.2186347582762,102.03982650197192,REARM
2022-12-23,MARUTI,SELL,0.33228882878081833,8058.171111070054,EXIT
2022-12-30,BAJAJFINSV,SELL,3.2248742657678133,1525.4890403278805,EXIT
2023-01-02,TCS,BUY,3.3207787761148286,2932.389823891924,REARM
2023-01-03,ADANIPORTS,SELL,11.715416079960987,809.3323175995869,EXIT
2023-01-05,NTPC,BUY,17.71472613321361,150.97697602223562,REARM
2023-01-10,NTPC,SELL,17.71472613321361,153.1337976257686,REDUCE
2023-01-11,M&M,BUY,5.902259087126715,1282.0938364627918,REARM
2023-01-13,KOTAKBANK,SELL,13.026954061757387,354.80877915684727,EXIT
2023-01-24,TECHM,BUY,10.250667268052206,975.5462486980288,REENTRY
2023-01-24,TITAN,SELL,4.259711639374242,2350.0527784505825,EXIT
2023-01-25,TECHM,BUY,10.250667268052206,970.9876047219022,REARM
2023-01-27,BAJAJ-AUTO,BUY,2.7670127417129944,3614.0057648629504,REENTRY
2023-01-27,BHARTIARTL,SELL,6.959328863670103,760.7715517474065,REDUCE
2023-01-27,GRASIM,SELL,6.278131503787856,1567.2173252943385,EXIT
2023-01-30,MARUTI,BUY,1.1732238185786252,8523.522827992974,REENTRY
2023-02-01,BEL,SELL,59.96350650118467,93.23852960968537,EXIT
2023-02-02,EICHERMOT,BUY,3.171499912590601,3153.0822246914777,REENTRY
2023-02-03,BAJAJ-AUTO,BUY,2.7670127417129944,3552.9899959093905,REARM
2023-02-06,COALINDIA,SELL,9.09813382684351,174.75860478142738,REDUCE
2023-02-07,POWERGRID,SELL,34.90510648226308,141.46104004546183,REDUCE
2023-02-14,TITAN,BUY,3.99197959656271,2505.0228234158535,REENTRY
2023-02-15,APOLLOHOSP,SELL,2.2838855063781773,4129.961966959986,EXIT
2023-02-17,APOLLOHOSP,BUY,2.1759954085728297,4595.597932147614,REENTRY
2023-02-17,BAJAJ-AUTO,SELL,2.7670127417129944,3651.5538641868975,REDUCE
2023-02-20,HINDUNILVR,SELL,1.1151462067923226,2383.2566712281323,REDUCE
2023-02-22,BAJAJ-AUTO,BUY,2.7670127417129944,3601.8966862558273,REARM
2023-02-23,HINDUNILVR,SELL,1.1151462067923226,2358.648212621776,EXIT
2023-02-27,BHARTIARTL,BUY,6.959328863670103,739.2230853939284,REARM
2023-03-03,AXISBANK,SELL,6.834691297495375,847.5048546086999,REDUCE
2023-03-09,APOLLOHOSP,SELL,1.0879977042864148,4362.648481257013,REDUCE
2023-03-10,APOLLOHOSP,BUY,1.0879977042864148,4363.34258571735,REARM
2023-03-15,AXISBANK,BUY,6.834691297495374,835.835689825817,REARM
2023-03-17,APOLLOHOSP,SELL,1.0879977042864148,4304.135744995973,REDUCE
2023-03-23,ADANIENT,SELL,17.67952659936924,1791.5423583984375,EXIT
2023-03-23,APOLLOHOSP,SELL,1.0879977042864148,4240.6640968113425,EXIT
2023-03-23,AXISBANK,SELL,6.834691297495375,844.7620800965633,REDUCE
2023-03-23,BHARTIARTL,SELL,13.918657727340205,744.1316934935986,EXIT
2023-03-23,CIPLA,SELL,21.65953885197333,844.753702104326,EXIT
2023-03-23,EICHERMOT,SELL,3.171499912590601,2841.347207212089,EXIT
2023-03-23,HDFCLIFE,SELL,17.055108561613924,492.7727022197389,EXIT
2023-03-23,HINDALCO,SELL,44.82300071445509,379.5147317720597,EXIT
2023-03-23,ICICIBANK,SELL,6.8608219578586755,836.2953779024698,REDUCE
2023-03-23,INFY,SELL,6.826916556893825,1269.258358749589,EXIT
2023-03-23,INDIGO,SELL,5.064155313808974,1885.763232820484,EXIT
2023-03-23,JSWSTEEL,SELL,14.814655678803911,652.2443318897082,EXIT
2023-03-23,M&M,SELL,11.80451817425343,1131.5171765023938,EXIT
2023-03-23,MARUTI,SELL,1.1732238185786252,8023.510354669694,EXIT
2023-03-23,NESTLEIND,SELL,22.634832747194917,909.621680108059,EXIT
2023-03-23,RELIANCE,SELL,8.10146921132012,1035.3343603002547,EXIT
2023-03-23,SBILIFE,SELL,8.79147112332112,1108.1505768497752,EXIT
2023-03-23,SHRIRAMFIN,SELL,39.70054626664528,234.88829840391895,EXIT
2023-03-23,SBIN,SELL,43.691782543273334,491.2322556519148,EXIT
2023-03-23,SUNPHARMA,SELL,5.993057150405319,947.9356816889791,REDUCE
2023-03-23,TCS,SELL,6.641557552229657,2864.679702784,EXIT
2023-03-23,TATACONSUM,SELL,26.928792517564553,693.9371089439558,EXIT
2023-03-23,TATASTEEL,SELL,198.4372695165524,96.84506630640337,EXIT
2023-03-23,TECHM,SELL,10.250667268052206,991.1366371690561,REDUCE
2023-03-23,TITAN,SELL,1.995989798281355,2486.251885897975,REDUCE
2023-03-23,TRENT,SELL,8.534935324602337,1328.480541349134,REDUCE
2023-03-24,TECHM,SELL,10.250667268052206,1007.4567107048119,EXIT
2023-03-27,TECHM,BUY,10.061657649889526,993.8720187035779,REENTRY
2023-03-27,TRENT,SELL,8.534935324602337,1312.67829516239,EXIT
2023-03-28,GRASIM,BUY,6.266527308295179,1595.780167871082,REENTRY
2023-03-28,ICICIBANK,SELL,6.8608219578586755,834.8803919931624,EXIT
2023-03-28,TECHM,SELL,10.061657649889526,1001.9863009355264,EXIT
2023-03-28,TRENT,BUY,7.507676259850519,1331.9700602272778,REENTRY
2023-03-29,GRASIM,SELL,6.266527308295179,1592.0439238221165,EXIT
2023-03-29,ICICIBANK,BUY,11.956799712000327,836.344192498566,REENTRY
2023-03-29,TRENT,SELL,7.507676259850519,1284.1147966291285,EXIT
2023-03-31,APOLLOHOSP,BUY,2.299582755885823,4348.614971305044,REENTRY
2023-03-31,GRASIM,BUY,6.2178726069539,1608.2671087240144,REENTRY
2023-03-31,ICICIBANK,SELL,11.956799712000327,841.1257433494965,EXIT
2023-03-31,TECHM,BUY,10.016635252874766,998.3392374330501,REENTRY
2023-03-31,TRENT,BUY,7.507676433333642,1331.9700294488703,REENTRY
2023-04-03,APOLLOHOSP,SELL,2.299582755885823,4307.606310991911,EXIT
2023-04-03,BEL,BUY,103.79905410031772,96.33999159891565,REENTRY
2023-04-03,HINDUNILVR,BUY,4.111041220881839,2432.473785279864,REENTRY
2023-04-03,ICICIBANK,BUY,11.642326217332101,858.9348737808818,REENTRY
2023-04-03,NESTLEIND,BUY,10.457739109718082,956.2296300456837,REENTRY
2023-04-03,TECHM,SELL,10.016635252874766,1007.0920508606641,EXIT
2023-04-05,HINDUNILVR,SELL,4.111041220881839,2378.0509696903587,EXIT
2023-04-05,SHRIRAMFIN,BUY,41.27728214982841,242.26401253120224,REENTRY
2023-04-05,TECHM,BUY,9.95300725351209,1004.7214620959235,REENTRY
2023-04-06,HINDUNILVR,BUY,4.103058103662361,2437.2065292163593,REENTRY
2023-04-06,TRENT,BUY,7.507676433333642,1362.8764865391868,REARM
2023-04-06,TITAN,BUY,1.9959897982813553,2558.56129295429,REARM
2023-04-06,TECHM,BUY,9.95300725351209,1006.5449982841455,REARM
2023-04-06,ICICIBANK,BUY,11.642326217332101,860.6914189453125,REARM
2023-04-06,NESTLEIND,BUY,10.457739109718082,956.7612513950141,REARM
2023-04-06,SHRIRAMFIN,BUY,41.27728214982841,243.20961555177828,REARM
2023-04-06,GRASIM,BUY,6.2178726069539,1636.2400195600612,REARM
2023-04-06,HINDUNILVR,BUY,4.103058103662361,2437.2065292163593,REARM
2023-04-06,BEL,BUY,103.79905410031772,95.0255958244959,REARM
2023-04-06,AXISBANK,BUY,6.834691297495375,859.5229861540353,REARM
2023-04-11,BHARTIARTL,BUY,13.126764708293626,761.8023345601598,REENTRY
2023-04-11,BHARTIARTL,BUY,13.126764708293626,761.8023345601598,REARM
2023-04-12,JSWSTEEL,BUY,14.096455858100137,709.3981707645881,REENTRY
2023-04-12,KOTAKBANK,BUY,27.22789140164917,367.27045265775917,REENTRY
2023-04-12,KOTAKBANK,BUY,27.22789140164917,367.27045265775917,REARM
2023-04-12,JSWSTEEL,BUY,14.096455858100137,709.3981707645881,REARM
2023-04-17,APOLLOHOSP,BUY,2.2864681881620266,4373.557459392638,REENTRY
2023-04-17,APOLLOHOSP,BUY,2.2864681881620266,4373.557459392638,REARM
2023-04-25,HDFCLIFE,BUY,18.483782570087307,541.0148037655025,REENTRY
2023-04-25,SBIN,BUY,19.05119163482865,524.9015490305807,REENTRY
2023-04-25,HDFCLIFE,BUY,18.483782570087307,541.0148037655025,REARM
2023-04-25,SBIN,BUY,19.05119163482865,524.9015490305807,REARM
2023-05-02,EICHERMOT,BUY,3.112444327687214,3212.90887391736,REENTRY
2023-05-02,EICHERMOT,BUY,3.112444327687214,3212.90887391736,REARM
2023-05-03,HINDALCO,BUY,23.1229765680818,432.4702734769741,REENTRY
2023-05-03,TATACONSUM,BUY,13.181400284551286,758.6447406289668,REENTRY
2023-05-03,TATACONSUM,BUY,13.181400284551286,758.6447406289668,REARM
2023-05-04,INDIGO,BUY,4.601345663685087,2173.2772825398397,REENTRY
2023-05-04,KOTAKBANK,SELL,27.22789140164917,384.80650812723127,REDUCE
2023-05-04,SUNPHARMA,SELL,2.9965285752026594,940.7897287253865,REDUCE
2023-05-08,MARUTI,BUY,1.1385952344399743,8782.752375490634,REENTRY
2023-05-08,SHRIRAMFIN,SELL,41.27728214982841,251.3418428567104,REDUCE
2023-05-09,BAJFINANCE,BUY,15.270952709436337,654.837991464719,REENTRY
2023-05-09,BEL,SELL,103.79905410031772,104.37237605335937,REDUCE
2023-05-09,SUNPHARMA,SELL,2.9965285752026594,935.1993513711344,EXIT
2023-05-12,ASIANPAINT,BUY,3.284279214333657,3044.808113864608,REENTRY
2023-05-12,BHARTIARTL,SELL,13.126764708293626,773.0919153832868,REDUCE
2023-05-16,ETERNAL,BUY,913.6074553770759,64.0,REFILL
2023-05-17,APOLLOHOSP,SELL,2.2864681881620266,4542.201229557813,REDUCE
2023-05-17,DRREDDY,SELL,11.411576545103848,886.0460756337222,REDUCE
2023-05-17,EICHERMOT,SELL,3.112444327687214,3499.7765899500514,REDUCE
2023-05-17,GRASIM,SELL,6.2178726069539,1700.297361853599,REDUCE
2023-05-17,HCLTECH,SELL,10.93499685732936,988.8674991599182,REDUCE
2023-05-18,EICHERMOT,BUY,3.112444327687214,3511.36545486694,REARM
2023-05-18,BEL,BUY,103.79905410031772,105.6380913293703,REARM
2023-05-19,BEL,SELL,103.79905410031772,104.95655174405536,REDUCE
2023-05-19,EICHERMOT,SELL,3.112444327687214,3443.9094025491545,REDUCE
2023-05-22,NTPC,SELL,8.857363066606805,159.80939265722063,REDUCE
2023-05-26,HINDALCO,SELL,23.1229765680818,397.26466421588174,EXIT
2023-05-29,RELIANCE,BUY,8.68939706984979,1150.8278330032474,REENTRY
2023-05-29,EICHERMOT,BUY,3.112444327687214,3573.1715337467544,REARM
2023-05-29,BAJFINANCE,BUY,15.270952709436337,683.414425508619,REARM
2023-05-30,BAJFINANCE,SELL,15.270952709436337,684.1825039141377,REDUCE
2023-05-30,DRREDDY,SELL,11.411576545103848,893.1916271563689,EXIT
2023-05-30,EICHERMOT,SELL,3.112444327687214,3584.2289291415277,REDUCE
2023-05-30,M&M,BUY,7.714996461603603,1296.176874450756,REENTRY
2023-05-30,ONGC,SELL,83.80004137489102,137.28611461669135,REDUCE
2023-05-30,SBILIFE,BUY,8.274796838551149,1208.4888843930723,REENTRY
2023-05-30,SBIN,SELL,19.05119163482865,562.7323750429217,REDUCE
2023-06-02,POWERGRID,SELL,17.45255324113154,155.42726166781387,REDUCE
2023-06-06,COALINDIA,SELL,4.549066913421755,187.69475173436368,REDUCE
2023-06-12,KOTAKBANK,SELL,13.613945700824585,373.82029524405937,REDUCE
2023-06-16,KOTAKBANK,SELL,13.613945700824585,366.2635777393297,EXIT
2023-06-19,BAJAJFINSV,BUY,6.577011652219413,1520.4473594973028,REENTRY
2023-06-19,HDFCBANK,SELL,14.41246225056326,784.0507042851576,REDUCE
2023-06-23,SBILIFE,BUY,8.274796838551149,1264.7519286261306,REARM
2023-06-26,GRASIM,SELL,3.10893630347695,1687.2202671197317,REDUCE
2023-06-27,CIPLA,BUY,10.03435966580139,996.57579886054,REENTRY
2023-06-27,HINDUNILVR,SELL,4.103058103662361,2530.6822163942697,REDUCE
2023-06-30,ADANIPORTS,BUY,13.495762115097648,740.973345166854,REENTRY
2023-06-30,BAJAJFINSV,SELL,6.577011652219413,1519.3007889193389,EXIT
2023-07-03,BAJAJFINSV,BUY,6.5518222343121435,1526.2929368916052,REENTRY
2023-07-03,BAJAJFINSV,BUY,6.5518222343121435,1526.2929368916052,REARM
2023-07-03,ADANIPORTS,BUY,13.495762115097648,732.8037410228909,REARM
2023-07-05,EICHERMOT,SELL,1.556222163843607,3293.884593582088,REDUCE
2023-07-06,EICHERMOT,SELL,1.556222163843607,3138.5966315988226,EXIT
2023-07-07,ADANIPORTS,SELL,26.991524230195296,728.325340551609,EXIT
2023-07-07,BAJAJFINSV,SELL,6.5518222343121435,1610.0493057836572,REDUCE
2023-07-11,TATASTEEL,BUY,90.30607302835142,110.73452387704334,REENTRY
2023-07-11,BAJAJFINSV,BUY,6.5518222343121435,1596.2148133901103,REARM
2023-07-11,CIPLA,BUY,10.034359665801391,991.6610887716946,REARM
2023-07-11,TATASTEEL,BUY,90.30607302835142,110.73452387704334,REARM
2023-07-12,BAJAJFINSV,SELL,6.5518222343121435,1593.8673799899084,REDUCE
2023-07-13,SUNPHARMA,BUY,9.506892858146049,1051.8683811011322,REENTRY
2023-07-14,CIPLA,SELL,10.03435966580139,998.6682883186346,REDUCE
2023-07-14,ETERNAL,SELL,456.80372768853795,84.0,REDUCE
2023-07-17,INFY,BUY,7.54514681616513,1325.3552573126158,REENTRY
2023-07-17,POWERGRID,SELL,8.72627662056577,161.07311074664483,REDUCE
2023-07-17,TCS,BUY,3.0749849552920305,3252.0484312581953,REENTRY
2023-07-19,HCLTECH,SELL,5.46749842866468,1056.4242097982449,REDUCE
2023-07-19,ICICIBANK,SELL,11.642326217332101,956.3237506038779,REDUCE
2023-07-19,WIPRO,BUY,50.907374303161994,196.43519503575877,REENTRY
2023-07-20,SBIN,SELL,19.05119163482865,579.8382008421577,EXIT
2023-07-21,DRREDDY,BUY,9.508213246241978,1051.7223100725466,REENTRY
2023-07-24,HINDUNILVR,SELL,2.0515290518311806,2484.784018551376,REDUCE
2023-07-24,SBIN,BUY,16.863442349745295,592.9987361181354,REENTRY
2023-07-25,CIPLA,BUY,10.03435966580139,1038.0161275165176,REARM
2023-07-26,CIPLA,SELL,10.03435966580139,1039.9784214874824,REDUCE
2023-07-26,HINDALCO,BUY,22.685722749514408,440.80588088003725,REENTRY
2023-07-26,INFY,SELL,7.54514681616513,1248.2572943766568,EXIT
2023-07-27,CIPLA,BUY,10.03435966580139,1093.9395351522292,REARM
2023-07-28,CIPLA,SELL,10.03435966580139,1149.3233113740769,REDUCE
2023-07-28,NESTLEIND,SELL,10.457739109718082,1084.4623774122165,REDUCE
2023-07-31,ADANIPORTS,BUY,13.302267179587206,751.7515521974592,REENTRY
2023-07-31,CIPLA,BUY,10.03435966580139,1159.4778820356664,REARM
2023-08-01,AXISBANK,SELL,6.834691297495375,954.4470700773103,REDUCE
2023-08-03,ADANIPORTS,SELL,13.302267179587206,754.5260544961892,EXIT
2023-08-03,APOLLOHOSP,SELL,1.1432340940810133,4919.011885944501,REDUCE
2023-08-04,ADANIPORTS,BUY,12.997315268790512,769.3896618798082,REENTRY
2023-08-04,BAJFINANCE,SELL,7.635476354718168,705.9778048769389,REDUCE
2023-08-04,HINDUNILVR,SELL,2.0515290518311806,2434.4968560026655,EXIT
2023-08-08,INDIGO,SELL,2.3006728318425433,2540.7063832648146,REDUCE
2023-08-10,POWERGRID,SELL,4.363138310282885,162.89855084298318,REDUCE
2023-08-14,ETERNAL,BUY,456.80372768853795,93.4000015258789,REARM
2023-08-16,ADANIPORTS,SELL,12.997315268790512,778.8528495106256,EXIT
2023-08-16,ASIANPAINT,SELL,1.6421396071668286,3119.6679763501265,REDUCE
2023-08-16,BAJAJ-AUTO,SELL,2.7670127417129944,4427.881196608501,REDUCE
2023-08-16,BAJAJFINSV,SELL,6.5518222343121435,1480.3443363684328,EXIT
2023-08-17,INDIGO,SELL,1.1503364159212717,2454.5021000321844,REDUCE
2023-08-18,ADANIPORTS,BUY,12.505285989261617,799.6618396881986,REENTRY
2023-08-18,BHARTIARTL,SELL,6.563382354146813,844.8891206153813,REDUCE
2023-08-18,POWERGRID,SELL,2.1815691551414425,164.99783920483563,REDUCE
2023-08-23,ADANIENT,BUY,3.6797313270511087,2717.589712728803,REENTRY
2023-08-23,HDFCBANK,SELL,14.41246225056326,768.9634840803492,EXIT
2023-08-23,MARUTI,SELL,0.5692976172199872,9328.960293033333,REDUCE
2023-08-25,INFY,BUY,7.614296369634094,1313.3189876716804,REENTRY
2023-08-25,SBIN,SELL,16.863442349745295,553.2276905127146,EXIT
2023-08-29,INFY,BUY,7.614296369634095,1323.5431263001694,REARM
2023-08-30,ADANIENT,SELL,3.6797313270511087,2514.769737735604,EXIT
2023-08-30,BHARTIARTL,SELL,3.2816911770734065,847.9955846502774,REDUCE
2023-08-30,GRASIM,SELL,1.554468151738475,1784.477436059236,REDUCE
2023-09-06,RELIANCE,SELL,4.344698534924895,1201.6560920331103,REDUCE
2023-09-07,BAJFINANCE,BUY,7.635476354718168,729.8103364368986,REARM
2023-09-08,BAJFINANCE,SELL,7.635476354718168,730.7992217505933,REDUCE
2023-09-12,ADANIENT,BUY,3.816609970703971,2620.1262577940356,REENTRY
2023-09-12,HDFCLIFE,SELL,18.483782570087307,664.5469269667589,REDUCE
2023-09-12,ICICIBANK,SELL,5.821163108666051,974.1326718812546,REDUCE
2023-09-13,ADANIENT,BUY,3.816609970703971,2543.4442707316393,REARM
2023-09-18,EICHERMOT,BUY,2.984193615459734,3350.989006944657,REENTRY
2023-09-18,ITC,SELL,26.89442025515709,395.32739209339144,REDUCE
2023-09-27,ICICIBANK,SELL,2.9105815543330253,931.0390306872603,REDUCE
2023-09-29,NESTLEIND,BUY,10.457739109718082,1095.4234560187986,REARM
2023-10-03,JSWSTEEL,SELL,14.096455858100137,768.4449264834702,REDUCE
2023-10-05,APOLLOHOSP,BUY,1.1432340940810133,5022.416438089389,REARM
2023-10-06,APOLLOHOSP,SELL,1.1432340940810133,5017.497610820858,REDUCE
2023-10-09,INDIGO,BUY,1.1503364159212717,2493.835780766894,REARM
2023-10-10,INDIGO,SELL,1.1503364159212717,2486.6975247560636,REDUCE
2023-10-12,BAJAJFINSV,BUY,6.115567869271844,1635.171126175509,REENTRY
2023-10-12,CIPLA,SELL,10.03435966580139,1156.7798339312153,REDUCE
2023-10-12,DRREDDY,SELL,4.754106623120989,1099.9885713672613,REDUCE
2023-10-13,INDIGO,BUY,1.1503364159212717,2565.664337772651,REARM
2023-10-16,INDIGO,SELL,1.1503364159212717,2598.6585334265615,REDUCE
2023-10-19,DRREDDY,BUY,4.754106623120989,1121.1579539129418,REARM
2023-10-20,ADANIPORTS,SELL,6.252642994630809,784.6000745136715,REDUCE
2023-10-23,ADANIPORTS,BUY,6.252642994630809,786.4332643158116,REARM
2023-10-25,APOLLOHOSP,BUY,1.1432340940810133,4928.076937026999,REARM
2023-10-26,HDFCLIFE,BUY,18.483782570087307,608.0954450350208,REARM
2023-10-27,ADANIPORTS,SELL,6.252642994630809,767.8537817389616,REDUCE
2023-10-27,ASIANPAINT,SELL,1.6421396071668286,2863.740148769746,EXIT
2023-10-30,ICICIBANK,SELL,2.9105815543330253,894.4389499383923,EXIT
2023-11-01,INDIGO,SELL,0.5751682079606358,2458.8448673492203,REDUCE
2023-11-06,BEL,SELL,51.89952705015886,133.94975296868728,REDUCE
2023-11-07,DRREDDY,SELL,4.754106623120989,1061.7390453782464,REDUCE
2023-11-09,TCS,SELL,1.5374924776460153,3157.276460496739,REDUCE
2023-11-10,ADANIPORTS,BUY,6.252642994630809,800.6527944908637,REARM
2023-11-15,ADANIPORTS,SELL,6.252642994630809,810.5618214049973,REDUCE
2023-11-15,SBIN,BUY,17.661743971747473,566.1955023239185,REENTRY
2023-11-15,TCS,SELL,1.5374924776460153,3150.757229249606,EXIT
2023-11-16,BAJFINANCE,SELL,3.817738177359084,686.7485400288009,REDUCE
2023-11-16,RELIANCE,SELL,4.344698534924895,1166.9131951067154,EXIT
2023-11-17,TCS,BUY,3.06971966956064,3257.6264533729463,REENTRY
2023-11-17,TATASTEEL,SELL,90.30607302835142,119.45151775155466,REDUCE
2023-11-24,ITC,BUY,26.89442025515709,388.8465874220955,REARM
2023-11-28,CIPLA,SELL,5.017179832900695,1177.3340532850252,REDUCE
2023-11-29,M&M,SELL,3.8574982308018013,1552.0748305879513,REDUCE
2023-12-01,HINDUNILVR,BUY,4.083800658144041,2448.6993458061406,REENTRY
2023-12-01,ITC,SELL,26.89442025515709,386.11322083208256,REDUCE
2023-12-01,TCS,SELL,1.53485983478032,3259.6286996171643,REDUCE
2023-12-06,SBIN,SELL,17.661743971747473,591.9863811705368,EXIT
2023-12-14,DRREDDY,SELL,2.3770533115604944,1108.7308926567175,REDUCE
2023-12-14,MARUTI,SELL,0.2846488086099936,10231.572767214093,REDUCE
2023-12-21,RELIANCE,BUY,7.97310181911663,1254.2170195322976,REENTRY
2023-12-22,ADANIENT,SELL,3.816609970703971,2813.4546914255675,REDUCE
2023-12-22,HDFCBANK,BUY,12.20428891989149,819.3840760112807,REENTRY
2023-12-22,HDFCLIFE,SELL,18.483782570087307,642.0359308546106,REDUCE
2023-12-29,SBIN,BUY,16.06794603052876,622.3570816705638,REENTRY
2023-12-29,TECHM,SELL,9.95300725351209,1216.1326514822458,REDUCE
2024-01-05,HINDUNILVR,SELL,4.083800658144041,2494.357266422686,EXIT
2024-01-15,BAJAJFINSV,SELL,3.057783934635922,1653.1511444166406,REDUCE
2024-01-17,ADANIENT,BUY,3.816609970703971,3030.3122902067403,REARM
2024-01-18,TATASTEEL,BUY,90.30607302835142,126.1089873662421,REARM
2024-01-18,ITC,BUY,26.89442025515709,410.2287313504283,REARM
2024-01-18,CIPLA,BUY,5.017179832900695,1260.7777510397332,REARM
2024-01-18,DRREDDY,BUY,2.3770533115604944,1115.7644988201557,REARM
2024-01-18,HDFCBANK,BUY,12.20428891989149,727.1084347245617,REARM
2024-01-18,BAJAJFINSV,BUY,3.057783934635922,1584.2281020577743,REARM
2024-01-18,BAJFINANCE,BUY,3.817738177359084,721.5035018761598,REARM
2024-01-18,HDFCLIFE,BUY,18.483782570087307,604.2690363062784,REARM
2024-01-19,ADANIENT,SELL,3.816609970703971,2942.740284843709,REDUCE
2024-01-19,BAJFINANCE,SELL,3.817738177359084,727.8326036705821,REDUCE
2024-01-19,BAJAJFINSV,SELL,3.057783934635922,1589.172534592708,REDUCE
2024-01-19,CIPLA,SELL,5.017179832900695,1305.8105224947042,REDUCE
2024-01-19,DRREDDY,SELL,2.3770533115604944,1121.2273709451104,REDUCE
2024-01-19,EICHERMOT,SELL,1.492096807729867,3612.6102995014767,REDUCE
2024-01-19,HDFCBANK,SELL,24.40857783978298,732.924355486129,EXIT
2024-01-19,ITC,SELL,26.89442025515709,413.13845701535223,REDUCE
2024-01-19,JSWSTEEL,SELL,7.048227929050069,796.8453648596554,REDUCE
2024-01-23,M&M,SELL,1.9287491154009007,1594.4221413759753,REDUCE
2024-01-24,ADANIENT,BUY,3.816609970703971,2898.4294170013095,REARM
2024-01-25,AXISBANK,SELL,3.4173456487476876,1056.2814231061855,REDUCE
2024-01-25,BAJFINANCE,SELL,3.817738177359084,697.7007488661789,EXIT
2024-01-25,SBIN,SELL,8.03397301526438,596.3250352913193,REDUCE
2024-02-05,TITAN,SELL,1.995989798281355,3590.3614353652333,REDUCE
2024-02-06,M&M,BUY,1.9287491154009007,1684.9761785143187,REARM
2024-02-07,GRASIM,SELL,0.7772340758692375,2063.534729827729,REDUCE
2024-02-07,M&M,SELL,1.9287491154009007,1705.1648458389263,REDUCE
2024-02-09,ITC,SELL,26.89442025515709,367.11929237602516,EXIT
2024-02-15,BAJAJFINSV,SELL,3.057783934635922,1588.1736973903376,EXIT
2024-02-27,TECHM,SELL,4.976503626756045,1224.6914090307068,REDUCE
2024-02-29,TECHM,BUY,4.976503626756045,1210.5058225484672,REARM
2024-03-01,TECHM,SELL,4.976503626756045,1217.1258094908464,REDUCE
2024-03-05,ICICIBANK,BUY,9.357313589672653,1068.682790650156,REENTRY
2024-03-05,SBILIFE,SELL,8.274796838551149,1517.264722518729,REDUCE
2024-03-06,SBILIFE,BUY,8.274796838551149,1484.6808711030174,REARM
2024-03-11,HINDALCO,SELL,22.685722749514408,533.0132759753074,EXIT
2024-03-12,TITAN,BUY,1.995989798281355,3738.479483897354,REARM
2024-03-14,TECHM,BUY,4.976503626756045,1202.9401459520575,REARM
2024-03-14,AXISBANK,BUY,3.4173456487476876,1073.253797589254,REARM
2024-03-15,AXISBANK,SELL,3.4173456487476876,1054.5341700624665,REDUCE
2024-03-18,JSWSTEEL,SELL,7.048227929050069,772.5021579691858,EXIT
2024-03-20,AXISBANK,BUY,3.4173456487476876,1048.294318808136,REARM
2024-03-21,AXISBANK,SELL,3.4173456487476876,1037.6616330283487,REDUCE
2024-03-21,NTPC,SELL,4.428681533303402,302.43613255427437,REDUCE
2024-03-27,INFY,SELL,7.614296369634095,1408.4612802603947,REDUCE
2024-04-01,TECHM,SELL,4.976503626756045,1184.1206148510275,REDUCE
2024-04-02,JSWSTEEL,BUY,11.600819899459147,862.0080379375788,REENTRY
2024-04-02,TCS,SELL,0.76742991739016,3648.083423198765,REDUCE
2024-04-02,TITAN,SELL,1.995989798281355,3730.529769335386,REDUCE
2024-04-08,HCLTECH,SELL,2.73374921433234,1445.984097925744,REDUCE
2024-04-10,HINDALCO,BUY,16.992755110363746,588.486089221699,REENTRY
2024-04-10,NESTLEIND,SELL,10.457739109718082,1231.7504850261516,REDUCE
2024-04-12,DRREDDY,SELL,1.1885266557802472,1218.7871916350614,REDUCE
2024-04-15,HINDALCO,BUY,16.992755110363746,607.0428123708407,REARM
2024-04-19,TCS,BUY,0.76742991739016,3599.3174326502835,REARM
2024-04-19,NESTLEIND,BUY,10.457739109718082,1190.5940588407261,REARM
2024-04-22,ADANIENT,SELL,3.816609970703971,3050.294572169938,REDUCE
2024-04-22,APOLLOHOSP,SELL,1.1432340940810133,6120.405075313758,REDUCE
2024-04-23,BAJFINANCE,BUY,13.835292461839137,722.7892021496662,REENTRY
2024-04-23,CIPLA,SELL,2.5085899164503473,1343.8777338239834,REDUCE
2024-04-23,TCS,SELL,0.76742991739016,3635.9390541705266,REDUCE
2024-04-23,TECHM,SELL,4.976503626756045,1151.872005425302,EXIT
2024-04-24,BAJFINANCE,BUY,13.835292461839137,720.2179611113195,REARM
2024-04-25,AXISBANK,SELL,3.4173456487476876,1098.2131700761147,EXIT
2024-04-25,COALINDIA,SELL,2.2745334567108775,389.49224970224367,REDUCE
2024-04-26,AXISBANK,BUY,8.863956133808626,1128.1644278290491,REENTRY
2024-04-26,BAJFINANCE,SELL,13.835292461839137,692.2320449443337,REDUCE
2024-04-26,RELIANCE,SELL,3.986550909558315,1453.1943211694756,REDUCE
2024-04-29,ITC,BUY,25.27320266917436,395.67601031415643,REENTRY
2024-04-29,INFY,SELL,7.614296369634095,1346.2762368329832,EXIT
2024-04-30,HCLTECH,SELL,2.73374921433234,1280.728849810369,EXIT
2024-05-08,BAJAJFINSV,BUY,6.253082000623812,1599.211396716434,REENTRY
2024-05-09,ADANIPORTS,SELL,3.1263214973154043,1267.3699719499687,REDUCE
2024-05-10,ITC,BUY,25.27320266917436,381.8005259086496,REARM
2024-05-13,ADANIENT,SELL,3.816609970703971,2800.516121368985,EXIT
2024-05-14,BAJFINANCE,BUY,13.835292461839137,663.5538560253485,REARM
2024-05-15,COALINDIA,SELL,1.1372667283554387,395.6467655444447,REDUCE
2024-05-15,SUNPHARMA,SELL,4.7534464290730245,1516.2645393060566,REDUCE
2024-05-17,TITAN,SELL,1.995989798281355,3327.0183180959516,EXIT
2024-05-22,DRREDDY,SELL,1.1885266557802472,1155.7822206683618,EXIT
2024-05-23,CIPLA,BUY,2.5085899164503473,1454.0074885747879,REARM
2024-05-24,CIPLA,SELL,2.5085899164503473,1461.0224864884335,REDUCE
2024-05-27,HDFCBANK,BUY,13.30642242452268,751.5168000055969,REENTRY
2024-05-27,ITC,SELL,25.27320266917436,392.8113936754333,REDUCE
2024-05-28,HDFCBANK,BUY,13.30642242452268,754.8467837037828,REARM
2024-05-30,ICICIBANK,SELL,4.678656794836327,1079.308747806472,REDUCE
2024-05-31,ADANIENT,BUY,3.103284801102537,3222.391962364264,REENTRY
2024-06-03,BAJAJFINSV,SELL,6.253082000623812,1578.2349321254069,EXIT
2024-06-03,GRASIM,SELL,0.38861703793461877,2382.1468152109665,REDUCE
2024-06-03,TCS,SELL,0.76742991739016,3526.103050659108,EXIT
2024-06-04,GRASIM,BUY,0.38861703793461877,2318.672635049675,REARM
2024-06-05,HINDUNILVR,BUY,4.10628630116268,2435.2904952507906,REENTRY
2024-06-05,HINDUNILVR,BUY,4.10628630116268,2435.2904952507906,REARM
2024-06-06,ADANIENT,SELL,3.103284801102537,3181.178464031896,EXIT
2024-06-06,ADANIPORTS,SELL,1.5631607486577022,1371.4151690019078,REDUCE
2024-06-06,BEL,SELL,25.94976352507943,263.07918991078697,REDUCE
2024-06-06,GRASIM,SELL,0.38861703793461877,2288.895624335617,REDUCE
2024-06-06,MARUTI,SELL,0.1423244043049968,12261.765449128865,REDUCE
2024-06-07,ADANIPORTS,BUY,1.5631607486577022,1345.3543057197355,REARM
2024-06-10,ADANIPORTS,SELL,1.5631607486577022,1391.2332656385024,REDUCE
2024-06-10,NTPC,SELL,2.214340766651701,347.9564813808899,REDUCE
2024-06-13,HDFCBANK,SELL,13.30642242452268,780.3273770852536,REDUCE
2024-06-14,TECHM,BUY,7.579993710556359,1319.2623083675378,REENTRY
2024-06-14,WIPRO,SELL,50.907374303161994,227.3196499010655,EXIT
2024-06-21,NTPC,SELL,1.1071703833258506,343.14234772124365,REDUCE
2024-06-25,HINDUNILVR,SELL,4.10628630116268,2367.5879930137835,REDUCE
2024-06-26,HINDUNILVR,BUY,4.10628630116268,2365.3069576082207,REARM
2024-06-27,COALINDIA,SELL,0.5686333641777194,412.1320052398366,REDUCE
2024-06-28,HINDUNILVR,SELL,4.10628630116268,2390.5419962243377,REDUCE
2024-07-01,WIPRO,BUY,41.19635825406084,242.73990284115155,REENTRY
2024-07-02,EICHERMOT,SELL,0.7460484038649335,4526.40529053787,REDUCE
2024-07-02,ITC,SELL,25.27320266917436,392.02896997249417,EXIT
2024-07-02,INFY,BUY,6.523727935683259,1532.86588566981,REENTRY
2024-07-10,BAJFINANCE,SELL,27.670584923678273,702.4654466729166,EXIT
2024-07-10,KOTAKBANK,BUY,27.190726511160783,367.7724460909631,REENTRY
2024-07-12,HCLTECH,BUY,6.9311369385583905,1442.7647424435252,REENTRY
2024-07-12,HDFCLIFE,SELL,18.483782570087307,632.2523804479677,REDUCE
2024-07-15,SBILIFE,SELL,8.274796838551149,1557.715670498902,REDUCE
2024-07-15,TCS,BUY,2.499277669179494,4001.1560633368813,REENTRY
2024-07-16,ONGC,SELL,41.90002068744551,291.5227416668642,REDUCE
2024-07-18,HCLTECH,BUY,6.9311369385583905,1469.2155013563013,REARM
2024-07-22,HDFCLIFE,BUY,18.483782570087307,630.1582268528657,REARM
2024-07-23,DRREDDY,BUY,7.432364138058326,1345.4669085431083,REENTRY
2024-07-23,HDFCLIFE,SELL,18.483782570087307,640.2303507225313,REDUCE
2024-07-23,HINDALCO,SELL,16.992755110363746,663.6014843162579,REDUCE
2024-07-23,JSWSTEEL,SELL,5.800409949729573,887.6097903953286,REDUCE
2024-07-24,ITC,BUY,22.11406616632217,452.2008718247006,REENTRY
2024-07-24,RELIANCE,SELL,1.9932754547791576,1474.0895996286229,REDUCE
2024-07-26,AXISBANK,SELL,4.431978066904313,1164.0051748855426,REDUCE
2024-07-29,KOTAKBANK,SELL,27.190726511160783,364.51973098032175,EXIT
2024-08-05,BEL,SELL,12.974881762539715,285.5936728252305,REDUCE
2024-08-06,ASIANPAINT,BUY,3.26444797193773,3063.305062896788,REENTRY
2024-08-06,ICICIBANK,SELL,2.3393283974181633,1156.0508158159441,REDUCE
2024-08-06,INDIGO,SELL,0.2875841039803179,4293.294386973939,REDUCE
2024-08-06,M&M,SELL,0.9643745577004503,2666.874289240377,REDUCE
2024-08-06,SBIN,SELL,4.01698650763219,806.4567530115417,REDUCE
2024-08-09,GRASIM,SELL,0.19430851896730938,2546.835251616431,REDUCE
2024-08-09,WIPRO,SELL,41.19635825406084,232.17072119564156,EXIT
2024-08-16,ADANIPORTS,SELL,0.7815803743288511,1464.0769642627536,REDUCE
2024-08-16,POWERGRID,SELL,1.0907845775707212,314.22302635047714,REDUCE
2024-08-19,HDFCBANK,SELL,6.65321121226134,807.9045746403995,REDUCE
2024-08-19,WIPRO,BUY,41.34805092090502,241.84936840503246,REENTRY
2024-08-23,POWERGRID,SELL,0.5453922887853606,315.7799479809891,REDUCE
2024-08-26,ADANIPORTS,SELL,0.39079018716442554,1488.2593224400064,REDUCE
2024-08-27,TITAN,BUY,2.7629592643497896,3619.3077940124144,REENTRY
2024-08-27,TITAN,BUY,2.7629592643497896,3619.3077940124144,REARM
2024-08-27,ADANIPORTS,BUY,0.39079018716442554,1477.7107188642647,REARM
2024-08-27,HINDALCO,BUY,16.992755110363746,706.717288986791,REARM
2024-08-27,JSWSTEEL,BUY,5.800409949729573,960.8625597448159,REARM
2024-08-27,BEL,BUY,12.974881762539715,302.91597662255,REARM
2024-08-27,POWERGRID,BUY,0.5453922887853606,319.8846400987046,REARM
2024-08-27,HDFCBANK,BUY,6.65321121226134,810.7412543536698,REARM
2024-08-27,RELIANCE,BUY,1.9932754547791576,1504.4912711730515,REARM
2024-08-27,EICHERMOT,BUY,0.7460484038649335,4803.761431376987,REARM
2024-08-27,M&M,BUY,0.9643745577004504,2775.6501798370828,REARM
2024-08-27,AXISBANK,BUY,4.431978066904313,1169.000939360119,REARM
2024-08-27,SBIN,BUY,4.01698650763219,801.702163529934,REARM
2024-08-27,MARUTI,BUY,0.1423244043049968,12113.886676274258,REARM
2024-08-28,ADANIPORTS,SELL,0.39079018716442554,1472.2373340582778,REDUCE
2024-08-28,AXISBANK,SELL,4.431978066904313,1175.994955914158,REDUCE
2024-08-28,BAJAJFINSV,BUY,5.789856691015594,1727.1584658593522,REENTRY
2024-08-28,BEL,SELL,12.974881762539715,297.4326141493362,REDUCE
2024-08-28,EICHERMOT,SELL,0.7460484038649335,4807.66097507795,REDUCE
2024-08-28,HDFCBANK,SELL,6.65321121226134,807.9539173658313,REDUCE
2024-08-28,HINDALCO,SELL,16.992755110363746,700.8602713456622,REDUCE
2024-08-28,JSWSTEEL,SELL,5.800409949729573,944.9553834133033,REDUCE
2024-08-28,LT,SELL,5.8274425719753,3670.7652176002025,REDUCE
2024-08-28,M&M,SELL,0.9643745577004503,2759.728171229661,REDUCE
2024-08-28,MARUTI,SELL,0.1423244043049968,12366.155816938095,REDUCE
2024-08-28,MAXHEALTH,SELL,27.409343576390455,853.9645931310572,REDUCE
2024-08-28,POWERGRID,SELL,0.5453922887853606,316.4404931445404,REDUCE
2024-08-28,RELIANCE,SELL,1.9932754547791576,1499.0131426615155,REDUCE
2024-08-28,SBIN,SELL,4.01698650763219,798.7121942115388,REDUCE
2024-09-04,LT,BUY,5.8274425719753,3616.2735058407375,REARM
2024-09-05,LT,SELL,5.8274425719753,3634.107024290044,REDUCE
2024-09-10,BEL,SELL,12.974881762539715,279.1055490088275,EXIT
2024-09-10,GRASIM,SELL,0.09715425948365469,2690.2135886019832,REDUCE
2024-09-10,NTPC,SELL,0.5535851916629253,374.81984818951327,REDUCE
2024-09-12,COALINDIA,SELL,0.2843166820888597,432.46209918702505,REDUCE
2024-09-12,DRREDDY,SELL,3.716182069029163,1331.555083546255,REDUCE
2024-09-12,SBIN,SELL,4.01698650763219,759.7446278215249,EXIT
2024-09-13,WIPRO,SELL,20.67402546045251,250.19221635298018,REDUCE
2024-09-16,DRREDDY,BUY,3.7161820690291627,1329.5477379780432,REARM
2024-09-17,DRREDDY,SELL,3.7161820690291627,1319.650603805547,REDUCE
2024-09-18,WIPRO,BUY,20.67402546045251,257.3398952318274,REARM
2024-09-19,BAJFINANCE,BUY,13.109713441921592,762.7931795993721,REENTRY
2024-09-19,ONGC,SELL,41.90002068744551,260.9222857816786,EXIT
2024-09-19,WIPRO,SELL,20.67402546045251,255.06673926529217,REDUCE
2024-09-23,TITAN,SELL,2.7629592643497896,3785.8067472228045,REDUCE
2024-09-30,COALINDIA,BUY,0.2843166820888597,455.55043344652427,REARM
2024-10-01,GRASIM,BUY,0.09715425948365469,2783.92270685687,REARM
2024-10-01,DRREDDY,BUY,3.7161820690291627,1341.8099592513136,REARM
2024-10-03,ADANIENT,BUY,3.1761769369566677,3148.439208044167,REENTRY
2024-10-03,COALINDIA,SELL,0.2843166820888597,443.5622072589128,REDUCE
2024-10-03,GRASIM,SELL,0.09715425948365469,2778.891055016924,REDUCE
2024-10-03,KOTAKBANK,BUY,26.94313397432868,371.15207197232377,REENTRY
2024-10-03,NESTLEIND,SELL,10.457739109718082,1321.2387193864727,REDUCE
2024-10-04,COALINDIA,BUY,0.2843166820888597,443.65103039199386,REARM
2024-10-04,ADANIENT,BUY,3.176176936956668,3118.354059403136,REARM
2024-10-07,COALINDIA,SELL,0.2843166820888597,442.31901394205283,REDUCE
2024-10-07,DRREDDY,SELL,3.7161820690291627,1328.2858317557912,REDUCE
2024-10-07,EICHERMOT,SELL,0.37302420193246677,4688.012441882185,REDUCE
2024-10-07,POWERGRID,SELL,0.2726961443926803,320.8282745930665,REDUCE
2024-10-08,KOTAKBANK,BUY,26.943133974328685,359.5854083532607,REARM
2024-10-09,ADANIENT,SELL,3.1761769369566677,3173.4267260732513,REDUCE
2024-10-09,AXISBANK,SELL,4.431978066904313,1153.0146443687056,EXIT
2024-10-10,HDFCBANK,SELL,3.32660560613067,808.5705299330368,REDUCE
2024-10-11,ADANIENT,BUY,3.1761769369566677,3172.627174775017,REARM
2024-10-14,ADANIENT,SELL,3.1761769369566677,3143.4416261366423,REDUCE
2024-10-15,RELIANCE,SELL,1.9932754547791576,1353.1207855156183,EXIT
2024-10-16,GRASIM,BUY,0.09715425948365469,2715.222658815279,REARM
2024-10-16,EICHERMOT,BUY,0.37302420193246677,4663.530096473708,REARM
2024-10-16,ADANIENT,BUY,3.176176936956668,3096.4649517090634,REARM
2024-10-17,CIPLA,SELL,1.2542949582251737,1545.6883487035159,REDUCE
2024-10-17,MARUTI,SELL,0.0711622021524984,12267.226904271745,REDUCE
2024-10-18,CIPLA,BUY,1.2542949582251737,1532.6774221064982,REARM
2024-10-18,MARUTI,BUY,0.0711622021524984,11940.760594345325,REARM
2024-10-18,LT,BUY,5.8274425719753,3536.9631608978584,REARM
2024-10-21,ASIANPAINT,SELL,3.26444797193773,2969.8264516740082,EXIT
2024-10-21,AXISBANK,BUY,8.362406456104233,1195.8280254005576,REENTRY
2024-10-21,BAJFINANCE,SELL,13.109713441921592,686.6679307028929,EXIT
2024-10-21,CIPLA,SELL,1.2542949582251737,1535.5961879614438,REDUCE
2024-10-21,EICHERMOT,SELL,0.37302420193246677,4704.005129721446,REDUCE
2024-10-23,EICHERMOT,BUY,0.37302420193246677,4662.098411357203,REARM
2024-10-23,CIPLA,BUY,1.2542949582251737,1488.8455677407665,REARM
2024-10-23,DRREDDY,BUY,3.7161820690291627,1323.4762878405425,REARM
2024-10-23,POWERGRID,BUY,0.2726961443926803,301.2011489798403,REARM
2024-10-23,COALINDIA,BUY,0.2843166820888597,415.9006422081043,REARM
2024-10-23,ADANIPORTS,BUY,0.39079018716442554,1356.2018472312895,REARM
2024-10-24,ADANIPORTS,SELL,0.7815803743288511,1338.4880162628226,EXIT
2024-10-24,CIPLA,SELL,1.2542949582251737,1480.1880663124066,REDUCE
2024-10-24,COALINDIA,SELL,0.2843166820888597,421.0067211927357,REDUCE
2024-10-24,EICHERMOT,SELL,0.37302420193246677,4605.285524513528,REDUCE
2024-10-24,POWERGRID,SELL,0.2726961443926803,297.4738475872849,REDUCE
2024-10-25,EICHERMOT,BUY,0.37302420193246677,4590.477548112706,REARM
2024-10-25,POWERGRID,BUY,0.2726961443926803,303.3714313614416,REARM
2024-10-25,CIPLA,BUY,1.2542949582251737,1476.5272961205092,REARM
2024-10-25,COALINDIA,BUY,0.2843166820888597,424.5587985494069,REARM
2024-10-30,SBIN,BUY,12.319801952471572,811.701360020144,REENTRY
2024-10-30,SBIN,BUY,12.319801952471572,811.701360020144,REARM
2024-10-31,AXISBANK,SELL,4.181203228052117,1164.5048071730241,REDUCE
2024-10-31,CIPLA,SELL,2.5085899164503473,1543.561198942439,EXIT
2024-10-31,COALINDIA,SELL,0.5686333641777194,401.3816661214166,EXIT
2024-10-31,INDIGO,SELL,0.2875841039803179,4056.145616312751,EXIT
2024-10-31,M&M,SELL,0.9643745577004503,2686.1195447104064,EXIT
2024-10-31,POWERGRID,SELL,0.2726961443926803,302.3334677062385,REDUCE
2024-11-01,AXISBANK,BUY,4.181203228052117,1163.0560879501725,REARM
2024-11-04,MARUTI,SELL,0.1423244043049968,11174.059155876865,EXIT
2024-11-05,POWERGRID,BUY,0.2726961443926803,294.73738832668425,REARM
2024-11-06,GRASIM,SELL,0.09715425948365469,2641.3412518753207,REDUCE
2024-11-06,POWERGRID,SELL,0.2726961443926803,299.50263925711073,REDUCE
2024-11-07,AXISBANK,SELL,8.362406456104233,1167.6020678828468,EXIT
2024-11-07,BEL,BUY,33.62664261523606,297.3832420447783,REENTRY
2024-11-07,DRREDDY,SELL,7.432364138058325,1296.7258731230413,EXIT
2024-11-07,M&M,BUY,3.392055444185866,2948.0650197332257,REENTRY
2024-11-07,TCS,SELL,2.499277669179494,3957.5900270000325,EXIT
2024-11-08,M&M,BUY,3.392055444185866,2886.8072914743225,REARM
2024-11-11,GRASIM,BUY,0.09715425948365469,2518.886733611961,REARM
2024-11-11,POWERGRID,BUY,0.2726961443926803,295.86972511957913,REARM
2024-11-12,GRASIM,SELL,0.09715425948365469,2514.1041415883956,REDUCE
2024-11-12,NTPC,SELL,0.27679259583146265,380.07635354806126,REDUCE
2024-11-12,POWERGRID,SELL,0.2726961443926803,312.8075631766802,REDUCE
2024-11-13,POWERGRID,BUY,0.2726961443926803,304.4566101204961,REARM
2024-11-13,GRASIM,BUY,0.09715425948365469,2512.0615992537587,REARM
2024-11-13,NTPC,BUY,0.27679259583146265,371.2306651119387,REARM
2024-11-18,GRASIM,SELL,0.09715425948365469,2487.9492569818412,REDUCE
2024-11-18,NTPC,SELL,0.5535851916629253,367.3636991131677,EXIT
2024-11-18,POWERGRID,SELL,0.2726961443926803,300.54737652482765,REDUCE
2024-11-21,POWERGRID,BUY,0.2726961443926803,302.4617095219059,REARM
2024-11-21,GRASIM,BUY,0.09715425948365469,2482.070928496656,REARM
2024-11-25,BAJAJFINSV,SELL,5.789856691015594,1617.2121269236113,EXIT
2024-11-25,GRASIM,SELL,0.09715425948365469,2605.5216618866857,REDUCE
2024-11-25,TCS,BUY,2.461671832315132,4062.2798980460716,REENTRY
2024-11-25,TITAN,SELL,2.7629592643497896,3349.9185676572224,EXIT
2024-11-28,HDFCLIFE,SELL,9.241891285043653,680.1200906813322,REDUCE
2024-11-29,HDFCLIFE,BUY,9.241891285043653,668.1531842767128,REARM
2024-12-03,ITC,SELL,11.057033083161086,424.85001711458597,REDUCE
2024-12-05,BHARTIARTL,SELL,1.6408455885367033,1586.7350485118698,REDUCE
2024-12-05,SUNPHARMA,SELL,2.3767232145365123,1780.400735294139,REDUCE
2024-12-12,EICHERMOT,SELL,0.37302420193246677,4740.482627311368,REDUCE
2024-12-13,EICHERMOT,BUY,0.37302420193246677,4726.710727425655,REARM
2024-12-13,BHARTIARTL,BUY,1.6408455885367033,1604.5857779575313,REARM
2024-12-18,BAJFINANCE,BUY,14.07428350508869,710.5157428713444,REENTRY
2024-12-18,GRASIM,SELL,0.048577129741827346,2597.5505911268574,REDUCE
2024-12-18,HDFCLIFE,SELL,18.483782570087307,621.4323257635964,EXIT
2024-12-18,JSWSTEEL,SELL,2.9002049748647867,964.4528922509538,REDUCE
2024-12-19,BAJFINANCE,BUY,14.074283505088689,690.7377927037467,REARM
2024-12-20,BHARTIARTL,SELL,1.6408455885367033,1596.6521560714723,REDUCE
2024-12-20,DRREDDY,BUY,7.5893071467398725,1317.6433377446958,REENTRY
2024-12-20,GRASIM,SELL,0.048577129741827346,2520.829796595255,EXIT
2024-12-20,HINDALCO,SELL,16.992755110363746,624.7682402381664,EXIT
2024-12-23,DRREDDY,BUY,7.5893071467398725,1353.4164916098784,REARM
2024-12-24,INDIGO,BUY,2.2359150320777275,4472.4418667678465,REENTRY
2024-12-24,JSWSTEEL,SELL,2.9002049748647867,934.5334588349622,EXIT
2024-12-24,M&M,SELL,3.392055444185866,2886.2119272418695,REDUCE
2024-12-26,POWERGRID,SELL,0.5453922887853606,296.81447596420287,EXIT
2024-12-31,CIPLA,BUY,6.658424867493077,1501.8567001965796,REENTRY
2024-12-31,DRREDDY,SELL,7.5893071467398725,1361.6641382829164,REDUCE
2025-01-03,BAJFINANCE,SELL,14.07428350508869,734.4431051737849,REDUCE
2025-01-06,BAJFINANCE,BUY,14.07428350508869,745.400531924833,REARM
2025-01-07,BAJAJFINSV,BUY,5.913044992623325,1691.1760374688938,REENTRY
2025-01-07,TITAN,BUY,2.873952637942978,3479.5284612475266,REENTRY
2025-01-08,BAJFINANCE,SELL,14.07428350508869,731.6702386621914,REDUCE
2025-01-09,TITAN,BUY,2.873952637942978,3475.490605452535,REARM
2025-01-10,HDFCBANK,SELL,1.663302803065335,824.3571854708366,REDUCE
2025-01-13,BAJFINANCE,BUY,14.074283505088692,719.5599514378315,REARM
2025-01-14,DRREDDY,BUY,7.5893071467398725,1326.73570637271,REARM
2025-01-15,HDFCBANK,SELL,1.663302803065335,817.2038902170349,EXIT
2025-01-15,ICICIBANK,SELL,1.1696641987090817,1224.551219155373,REDUCE
2025-01-15,ITC,SELL,11.057033083161086,413.37613709061446,EXIT
2025-01-16,BAJFINANCE,SELL,14.07428350508869,715.5844939800952,REDUCE
2025-01-17,BAJFINANCE,BUY,14.074283505088692,717.6715787903673,REARM
2025-01-20,MARUTI,BUY,0.8321554955982005,12016.984869890734,REENTRY
2025-01-20,NESTLEIND,SELL,10.457739109718082,1092.027183427276,EXIT
2025-01-20,SUNPHARMA,SELL,1.1883616072682561,1761.3535498736462,REDUCE
2025-01-21,MARUTI,BUY,0.8321554955982005,11888.376842098909,REARM
2025-01-22,ADANIENT,SELL,6.352353873913335,2397.8113866679732,EXIT
2025-01-22,BAJAJ-AUTO,SELL,2.7670127417129944,8271.175826809864,EXIT
2025-01-22,BAJFINANCE,SELL,14.07428350508869,729.3992479941143,REDUCE
2025-01-22,BEL,SELL,33.62664261523606,275.64758920168794,EXIT
2025-01-22,CIPLA,SELL,6.658424867493077,1415.9740792390764,EXIT
2025-01-22,ETERNAL,SELL,456.80372768853795,207.14999389648438,REDUCE
2025-01-22,HINDUNILVR,SELL,4.10628630116268,2300.0907444235577,EXIT
2025-01-22,ICICIBANK,SELL,1.1696641987090817,1191.8038937223043,EXIT
2025-01-22,INDIGO,SELL,2.2359150320777275,4023.201211555839,EXIT
2025-01-22,KOTAKBANK,SELL,26.94313397432868,379.36259845015746,REDUCE
2025-01-22,LT,SELL,11.6548851439506,3530.0772505720984,EXIT
2025-01-22,MARUTI,SELL,1.664310991196401,11772.629908178309,EXIT
2025-01-22,MAXHEALTH,SELL,27.409343576390455,1071.7632669329914,EXIT
2025-01-22,SBILIFE,SELL,8.274796838551149,1461.2835917748575,EXIT
2025-01-22,SHRIRAMFIN,SELL,41.27728214982841,512.4972643795729,EXIT
2025-01-22,SBIN,SELL,24.639603904943144,747.0005222558178,EXIT
2025-01-22,TCS,SELL,2.461671832315132,3914.711087541146,EXIT
2025-01-22,TATACONSUM,SELL,26.36280056910257,969.7130684325084,EXIT
2025-01-22,TATASTEEL,SELL,180.61214605670284,127.28171740916363,EXIT
2025-01-22,TECHM,SELL,3.7899968552781793,1596.507596997745,REDUCE
2025-01-22,TITAN,SELL,5.747905275885956,3344.7341984671266,EXIT
2025-01-22,TRENT,SELL,15.015352866667284,5731.034970859859,EXIT
2025-01-22,ULTRACEMCO,SELL,2.99536300067272,10632.603210841613,EXIT
2025-01-23,APOLLOHOSP,SELL,0.5716170470405066,6864.603977814577,REDUCE
2025-01-24,ULTRACEMCO,BUY,0.8944437746724339,11180.132595435898,REENTRY
2025-01-27,DRREDDY,SELL,15.178614293479745,1216.6835885195949,EXIT
2025-01-28,HCLTECH,SELL,6.9311369385583905,1653.9871001386684,REDUCE
2025-01-29,MARUTI,BUY,0.8340126683476476,11990.225543950162,REENTRY
2025-01-29,SUNPHARMA,SELL,1.1883616072682561,1678.8154269907534,EXIT
2025-01-30,MARUTI,SELL,0.8340126683476476,11892.284907714844,EXIT
2025-01-31,JSWSTEEL,BUY,10.557439783032915,947.1993405135221,REENTRY
2025-02-03,BEL,BUY,36.428361190769074,274.5113881909679,REENTRY
2025-02-03,MARUTI,BUY,0.7781550520721873,12850.909305761763,REENTRY
2025-02-03,TITAN,BUY,2.813490764138477,3554.303475050544,REENTRY
2025-02-04,BEL,SELL,36.428361190769074,272.6836465255657,EXIT
2025-02-04,ITC,BUY,23.06072031221457,433.6377990198034,REENTRY
2025-02-04,INDIGO,BUY,2.2747327600420846,4396.120799620871,REENTRY
2025-02-04,MAXHEALTH,BUY,8.70417307739969,1148.8742136763015,REENTRY
2025-02-04,TECHM,SELL,1.8949984276390897,1615.993980970997,REDUCE
2025-02-05,INDIGO,SELL,2.2747327600420846,4362.577654738268,EXIT
2025-02-05,SHRIRAMFIN,BUY,17.51485387310614,570.9439583366942,REENTRY
2025-02-06,ITC,SELL,23.06072031221457,426.06336046890937,EXIT
2025-02-06,INDIGO,BUY,2.2235071052822564,4497.399615339021,REENTRY
2025-02-06,SHRIRAMFIN,SELL,17.51485387310614,564.0174767363741,EXIT
2025-02-07,TITAN,SELL,2.813490764138477,3404.653728151637,EXIT
2025-02-10,TITAN,BUY,2.9370702539971143,3404.7534226976054,REENTRY
2025-02-11,INDIGO,SELL,2.2235071052822564,4317.853185366632,EXIT
2025-02-11,TITAN,SELL,2.9370702539971143,3324.694303076231,EXIT
2025-02-12,APOLLOHOSP,SELL,0.5716170470405066,6324.130838972857,EXIT
2025-02-12,MAXHEALTH,SELL,8.70417307739969,993.9530138230697,EXIT
2025-02-14,EICHERMOT,SELL,0.7460484038649335,4769.259258317154,EXIT
2025-02-18,M&M,SELL,3.392055444185866,2821.333200210535,EXIT
2025-02-20,INDIGO,BUY,2.278432212882806,4388.982890716513,REENTRY
2025-02-24,SHRIRAMFIN,BUY,17.545260515882408,569.954489472969,REENTRY
2025-02-24,ULTRACEMCO,SELL,0.8944437746724339,10939.308886433044,EXIT
2025-02-25,HCLTECH,SELL,6.9311369385583905,1580.608731627433,EXIT
2025-02-25,INFY,SELL,6.523727935683259,1694.9880113599872,EXIT
2025-02-25,SHRIRAMFIN,SELL,17.545260515882408,575.6936465144988,EXIT
2025-02-28,SHRIRAMFIN,BUY,16.56868466129075,603.5482118482765,REENTRY
2025-03-03,HDFCBANK,BUY,11.650959594972447,858.2984018170607,REENTRY
2025-03-03,MARUTI,SELL,0.7781550520721873,11758.730976743322,EXIT
2025-03-03,TECHM,SELL,1.8949984276390897,1457.8204385455854,EXIT
2025-03-07,EICHERMOT,BUY,1.988392339116387,5029.188557648466,REENTRY
2025-03-07,HINDALCO,BUY,14.844289735189669,673.6597155129718,REENTRY
2025-03-12,HDFCBANK,SELL,11.650959594972447,834.4951408301645,EXIT
2025-03-12,ICICIBANK,BUY,8.08144755754305,1237.4020778822246,REENTRY
2025-03-13,HDFCBANK,BUY,11.812207352234925,846.5818201293218,REENTRY
2025-03-13,WIPRO,SELL,20.67402546045251,256.7411949468078,EXIT
2025-03-18,TATASTEEL,BUY,67.40798027954523,148.3503875732422,REENTRY
2025-03-19,TATASTEEL,SELL,67.40798027954523,153.22667411298733,EXIT
2025-03-20,BEL,BUY,34.143582390746516,292.88080804052265,REENTRY
2025-03-20,HDFCLIFE,BUY,15.079159239646819,663.1669472464712,REENTRY
2025-03-20,MAXHEALTH,BUY,9.11507236254023,1097.0839947575746,REENTRY
2025-03-20,SUNPHARMA,BUY,5.818045130542652,1718.7903798654954,REENTRY
2025-03-20,TATASTEEL,BUY,63.95753303922371,156.35374794501885,REENTRY
2025-03-21,HINDALCO,BUY,14.844289735189669,709.7947516698099,REARM
2025-03-21,TATASTEEL,BUY,63.95753303922371,155.40584351032305,REARM
2025-03-21,INDIGO,BUY,2.278432212882806,5063.443079881985,REARM
2025-03-21,SHRIRAMFIN,BUY,16.56868466129075,662.0278744768606,REARM
2025-03-21,HDFCLIFE,BUY,15.079159239646817,675.9316583739917,REARM
2025-03-21,BEL,BUY,34.143582390746516,299.03030717356074,REARM
2025-03-21,SUNPHARMA,BUY,5.818045130542652,1741.9134727044077,REARM
2025-03-21,ETERNAL,BUY,239.35088574401624,220.0,REARM
2025-03-24,CIPLA,BUY,6.62720791322458,1508.9310809224833,REENTRY
2025-03-24,CIPLA,BUY,6.62720791322458,1508.9310809224833,REARM
2025-03-25,NTPC,BUY,27.815477140349348,359.51207845699406,REENTRY
2025-03-25,NTPC,BUY,27.815477140349348,359.51207845699406,REARM
2025-03-26,ULTRACEMCO,BUY,0.8842269640622974,11309.313565895123,REENTRY
2025-03-26,ULTRACEMCO,BUY,0.8842269640622974,11309.313565895123,REARM
2025-03-28,GRASIM,BUY,3.8380764340961466,2605.4718220730183,REENTRY
2025-03-28,GRASIM,BUY,3.8380764340961466,2605.4718220730183,REARM
2025-04-03,TATACONSUM,BUY,9.595308434537202,1042.1759830050025,REENTRY
2025-04-03,TATACONSUM,BUY,9.595308434537202,1042.1759830050025,REARM
2025-04-07,BEL,SELL,68.28716478149303,255.31823339452924,EXIT
2025-04-07,CIPLA,SELL,13.25441582644916,1321.8792329890116,EXIT
2025-04-07,ETERNAL,SELL,348.0773067162771,196.0,REDUCE
2025-04-07,GRASIM,SELL,3.8380764340961466,2540.7572718213023,REDUCE
2025-04-07,HDFCLIFE,SELL,15.079159239646817,661.9203709813787,REDUCE
2025-04-07,HINDALCO,SELL,29.688579470379338,554.9304183993731,EXIT
2025-04-07,NTPC,SELL,55.630954280698695,319.5663000078693,EXIT
2025-04-07,SHRIRAMFIN,SELL,16.56868466129075,589.7445859629479,REDUCE
2025-04-07,SUNPHARMA,SELL,11.636090261085304,1604.3627135400736,EXIT
2025-04-07,TATACONSUM,SELL,9.595308434537202,1011.5033664180582,REDUCE
2025-04-07,TATASTEEL,SELL,127.91506607844742,125.08299082174615,EXIT
2025-04-07,ULTRACEMCO,SELL,0.8842269640622974,11129.453923919988,REDUCE
2025-04-08,GRASIM,SELL,3.8380764340961466,2540.757226634945,EXIT
2025-04-08,JSWSTEEL,SELL,10.557439783032915,946.8004152408276,EXIT
2025-04-08,TATACONSUM,SELL,9.595308434537202,1048.2311616323907,EXIT
2025-04-08,ULTRACEMCO,SELL,0.8842269640622974,11246.461833939711,EXIT
2025-04-09,APOLLOHOSP,BUY,1.5042899862369448,6647.654435974469,REENTRY
2025-04-09,TATACONSUM,BUY,9.48598355161723,1054.1869428284153,REENTRY
2025-04-11,ULTRACEMCO,BUY,0.8497796297839612,11767.756780122269,REENTRY
2025-04-15,GRASIM,BUY,3.7519171851231032,2665.3040316698493,REENTRY
2025-04-15,NESTLEIND,BUY,8.479268483376616,1179.347017918437,REENTRY
2025-04-16,BEL,BUY,34.29597684451896,291.57938977318145,REENTRY
2025-04-16,JSWSTEEL,BUY,9.996937821560007,1000.3063116420899,REENTRY
2025-04-16,HDFCLIFE,BUY,15.079159239646817,698.2699469649401,REARM
2025-04-16,TATACONSUM,BUY,9.48598355161723,1086.0508009350142,REARM
2025-04-16,BEL,BUY,34.29597684451896,291.57938977318145,REARM
2025-04-16,GRASIM,BUY,3.7519171851231037,2680.249764490294,REARM
2025-04-16,NESTLEIND,BUY,8.479268483376616,1162.3112354470095,REARM
2025-04-16,JSWSTEEL,BUY,9.996937821560007,1000.3063116420899,REARM
2025-04-16,ETERNAL,BUY,335.01859700974825,220.50999450683594,REARM
2025-04-16,ULTRACEMCO,BUY,0.8497796297839612,11593.51215515553,REARM
2025-04-16,APOLLOHOSP,BUY,1.5042899862369448,6852.121186311201,REARM
2025-04-17,AXISBANK,BUY,8.660909216285667,1154.613187862119,REENTRY
2025-04-17,AXISBANK,BUY,8.660909216285667,1154.613187862119,REARM
2025-04-21,SBILIFE,BUY,6.189061128712868,1615.7539555728526,REENTRY
2025-04-21,SBIN,BUY,12.703356871693972,787.1935033394458,REENTRY
2025-04-21,SBILIFE,BUY,6.189061128712868,1615.7539555728526,REARM
2025-04-21,SBIN,BUY,12.703356871693972,787.1935033394458,REARM
2025-04-22,POWERGRID,BUY,32.2965859027096,309.63025101551136,REENTRY
2025-04-22,POWERGRID,BUY,32.2965859027096,309.63025101551136,REARM
2025-04-23,CIPLA,BUY,6.592839735540497,1516.7970709332246,REENTRY
2025-04-23,CIPLA,BUY,6.592839735540497,1516.7970709332246,REARM
2025-04-25,SUNPHARMA,BUY,5.591411974819033,1788.457020343891,REENTRY
2025-04-25,SUNPHARMA,BUY,5.591411974819033,1788.457020343891,REARM
2025-04-29,RELIANCE,BUY,7.323077156448646,1365.5461749701867,REENTRY
2025-04-29,RELIANCE,BUY,7.323077156448646,1365.5461749701867,REARM
2025-05-06,ADANIPORTS,BUY,7.443445536251292,1343.4638503496399,REENTRY
2025-05-06,ADANIPORTS,BUY,7.443445536251292,1343.4638503496399,REARM
2025-05-08,M&M,BUY,3.2232335790823625,3102.4745041428077,REENTRY
2025-05-08,M&M,BUY,3.2232335790823625,3102.4745041428077,REARM
2025-05-12,TITAN,BUY,2.8356029075869773,3526.586876196193,REENTRY
2025-05-12,TITAN,BUY,2.8356029075869773,3526.586876196193,REARM
2025-05-13,LT,BUY,2.8136885856796687,3554.0535832199857,REENTRY
2025-05-13,TATASTEEL,BUY,67.32372308610658,148.53605150758028,REENTRY
2025-05-13,TATASTEEL,BUY,67.32372308610658,148.53605150758028,REARM
2025-05-13,LT,BUY,2.8136885856796687,3554.0535832199857,REARM
2025-06-09,DRREDDY,BUY,7.581302934601543,1319.0344834209661,REENTRY
2025-06-09,DRREDDY,BUY,7.581302934601543,1319.0344834209661,REARM
2025-06-10,ADANIENT,BUY,3.8480603931384016,2598.7118127956924,REENTRY
2025-06-10,ADANIENT,BUY,3.8480603931384016,2598.7118127956924,REARM
2025-06-11,TECHM,BUY,6.359291119863514,1572.5023137822043,REENTRY
2025-06-11,TECHM,BUY,6.359291119863514,1572.5023137822043,REARM
2025-06-16,MARUTI,BUY,0.8149172820768336,12271.184106581704,REENTRY
2025-06-17,HCLTECH,BUY,5.921523044732902,1688.75472145546,REENTRY
2025-06-17,INDIGO,SELL,2.278432212882806,5370.923766888711,REDUCE
2025-06-18,HCLTECH,BUY,5.921523044732902,1688.657028859282,REARM
2025-06-19,BAJFINANCE,SELL,7.037141752544345,919.0,REDUCE
2025-06-24,BAJAJFINSV,SELL,2.9565224963116625,2018.016834245013,REDUCE
2025-06-24,HINDALCO,BUY,15.061804644648959,663.9310650966863,REENTRY
2025-06-24,ICICIBANK,SELL,4.040723778771525,1416.7680893764307,REDUCE
2025-06-24,KOTAKBANK,SELL,13.47156698716434,441.0914531389984,REDUCE
2025-06-27,APOLLOHOSP,SELL,1.5042899862369448,7111.44404177285,REDUCE
2025-07-01,TRENT,BUY,1.6060387055328034,6226.5,REENTRY
2025-07-02,EICHERMOT,SELL,0.9941961695581935,5614.2029566506935,REDUCE
2025-07-11,TRENT,BUY,1.6060387055328031,5419.0,REARM
2025-07-14,HINDUNILVR,BUY,4.031443951388376,2480.5008132523167,REENTRY
2025-07-14,JSWSTEEL,SELL,9.996937821560007,1040.0,REDUCE
2025-07-14,MARUTI,SELL,0.4074586410384168,12455.193068919061,REDUCE
2025-07-18,HINDUNILVR,BUY,4.031443951388376,2495.2843577635995,REARM
2025-07-22,ADANIENT,SELL,3.8480603931384016,2626.0,REDUCE
2025-07-22,HINDUNILVR,SELL,4.031443951388376,2450.734836023488,REDUCE
2025-07-29,HINDUNILVR,BUY,4.031443951388376,2425.7314790440246,REARM
2025-07-30,ADANIENT,SELL,3.8480603931384016,2547.89990234375,EXIT
2025-07-30,ASIANPAINT,BUY,4.157578560544685,2405.2461918338104,REENTRY
2025-07-30,BAJFINANCE,SELL,3.5185708762721726,890.9500122070312,REDUCE
2025-07-30,KOTAKBANK,SELL,6.73578349358217,393.2200012207031,REDUCE
2025-08-01,KOTAKBANK,SELL,6.73578349358217,396.6000061035156,EXIT
2025-08-04,ASIANPAINT,BUY,4.157578560544685,2439.3928529127475,REARM
2025-08-05,ADANIPORTS,SELL,7.443445536251292,1392.0,REDUCE
2025-08-07,ADANIPORTS,BUY,7.443445536251292,1351.0,REARM
2025-08-08,ICICIBANK,SELL,2.0203618893857627,1434.8288259088201,REDUCE
2025-08-13,COALINDIA,BUY,27.329791497712193,365.9010717603576,REENTRY
2025-08-13,DRREDDY,SELL,15.162605869203086,1220.300048828125,EXIT
2025-08-19,BAJAJ-AUTO,BUY,1.1615750958299453,8609.0,REENTRY
2025-08-19,BEL,SELL,34.29597684451896,380.8785300781035,REDUCE
2025-08-21,ADANIPORTS,SELL,7.443445536251292,1371.0999755859375,REDUCE
2025-08-21,NTPC,BUY,29.980755339599114,333.5473001506344,REENTRY
2025-08-21,RELIANCE,SELL,7.323077156448646,1425.0,REDUCE
2025-08-22,BAJAJ-AUTO,BUY,1.1615750958299453,8684.5,REARM
2025-08-29,NTPC,BUY,29.980755339599114,322.4891416859791,REARM
2025-09-01,MAXHEALTH,SELL,4.557536181270115,1154.300048828125,REDUCE
2025-09-02,HDFCBANK,SELL,5.906103676117462,951.0,REDUCE
2025-09-03,BHARTIARTL,SELL,0.8204227942683516,1891.0,REDUCE
2025-09-03,ICICIBANK,SELL,1.0101809446928813,1389.0,REDUCE
2025-09-10,DRREDDY,BUY,7.725586998908402,1294.4000244140625,REENTRY
2025-09-10,HCLTECH,SELL,11.843046089465805,1413.2963613367867,EXIT
2025-09-11,COALINDIA,BUY,27.329791497712193,378.26494792264117,REARM
2025-09-12,ASIANPAINT,SELL,4.157578560544685,2556.010878606127,REDUCE
2025-09-15,ASIANPAINT,BUY,4.157578560544685,2531.149796567064,REARM
2025-09-16,INDIGO,SELL,1.139216106441403,5691.0,REDUCE
2025-09-19,BAJAJ-AUTO,SELL,1.1615750958299453,9050.0,REDUCE
2025-09-23,ADANIENT,BUY,3.7841518317013256,2642.60009765625,REENTRY
2025-09-23,ASIANPAINT,SELL,4.157578560544685,2468.2478400737427,REDUCE
2025-09-24,BAJAJ-AUTO,BUY,1.1615750958299453,8990.0,REARM
2025-09-25,MAXHEALTH,SELL,4.557536181270115,1138.4000244140625,EXIT
2025-09-26,ASIANPAINT,BUY,4.157578560544685,2393.7641298155327,REARM
2025-09-30,ICICIBANK,SELL,1.0101809446928813,1353.699951171875,EXIT
2025-10-03,BHARTIARTL,SELL,0.4102113971341758,1851.199951171875,REDUCE
2025-10-03,ONGC,BUY,43.24177571438141,231.25784810622812,REENTRY
2025-10-03,SBILIFE,SELL,6.189061128712868,1798.5997374763804,REDUCE
2025-10-07,SHRIRAMFIN,SELL,8.284342330645375,666.1407838836676,REDUCE
2025-10-10,KOTAKBANK,BUY,23.31002331002331,429.0,REENTRY
2025-10-10,NTPC,SELL,29.980755339599114,330.67476060726113,REDUCE
2025-10-16,ADANIENT,SELL,3.7841518317013256,2544.800048828125,EXIT
2025-10-17,ADANIENT,BUY,3.90625,2560.0,REENTRY
2025-10-20,ADANIENT,SELL,3.90625,2561.300048828125,EXIT
2025-10-21,ADANIENT,BUY,3.9140476661439654,2554.89990234375,REENTRY
2025-10-21,DRREDDY,SELL,3.862793499454201,1288.0,REDUCE
2025-10-23,ADANIENT,SELL,3.9140476661439654,2559.89990234375,EXIT
2025-10-24,ADANIENT,BUY,3.914200645403523,2554.800048828125,REENTRY
2025-10-30,DRREDDY,SELL,1.9313967497271005,1196.0,REDUCE
2025-10-31,DRREDDY,SELL,1.9313967497271005,1202.5,EXIT
2025-11-03,ADANIENT,BUY,3.914200645403523,2484.0,REARM
2025-11-04,APOLLOHOSP,SELL,0.7521449931184724,7814.125969498192,REDUCE
2025-11-06,HDFCBANK,BUY,5.906103676117462,981.0,REARM
2025-11-06,NTPC,BUY,29.980755339599114,326.78734051244567,REARM
2025-11-07,HDFCBANK,SELL,5.906103676117462,980.0,REDUCE
2025-11-12,BAJAJFINSV,SELL,1.4782612481558313,2009.5,REDUCE
2025-11-12,HCLTECH,BUY,6.395200888068673,1563.672537426727,REENTRY
2025-11-12,HDFCLIFE,SELL,15.079159239646817,765.0,REDUCE
2025-11-13,INFY,BUY,6.42219520698213,1557.0999755859375,REENTRY
2025-11-13,SUNPHARMA,SELL,5.591411974819033,1723.3057037833998,REDUCE
2025-11-14,SUNPHARMA,BUY,5.591411974819033,1726.187077369624,REARM
2025-11-17,BAJAJ-AUTO,SELL,1.1615750958299453,8850.0,REDUCE
2025-11-20,BAJAJFINSV,SELL,0.7391306240779156,2064.699951171875,REDUCE
2025-11-24,HCLTECH,BUY,6.395200888068673,1602.689846153595,REARM
2025-11-25,JSWSTEEL,SELL,4.998468910780003,1107.300048828125,REDUCE
2025-11-27,BAJFINANCE,SELL,1.7592854381360863,1015.5999755859375,REDUCE
2025-11-27,KOTAKBANK,SELL,11.655011655011656,420.79998779296875,REDUCE
2025-11-28,INFY,BUY,6.4221952069821295,1565.0,REARM
2025-12-01,BEL,SELL,17.14798842225948,414.1369484092208,REDUCE
2025-12-02,BEL,BUY,17.14798842225948,416.27781553243886,REARM
2025-12-03,BAJFINANCE,SELL,0.8796427190680431,1021.0,REDUCE
2025-12-03,INDIGO,SELL,0.5696080532207015,5675.0,REDUCE
2025-12-04,BAJFINANCE,BUY,0.8796427190680431,1018.0,REARM
2025-12-04,BAJAJ-AUTO,BUY,1.1615750958299453,9005.0,REARM
2025-12-05,APOLLOHOSP,SELL,0.7521449931184724,7191.452526117732,EXIT
2025-12-05,BAJFINANCE,SELL,0.8796427190680431,1028.9000244140625,REDUCE
2025-12-05,INDIGO,SELL,0.5696080532207015,5406.0,EXIT
2025-12-05,WIPRO,BUY,39.72956916040047,251.7016975348242,REENTRY
2025-12-08,BAJAJ-AUTO,SELL,1.1615750958299453,9115.0,REDUCE
2025-12-09,WIPRO,BUY,39.72956916040047,254.80164941918085,REARM
2025-12-10,BAJFINANCE,SELL,0.43982135953402157,1016.0,REDUCE
2025-12-10,JSWSTEEL,SELL,2.4992344553900017,1101.300048828125,REDUCE
2025-12-11,BAJAJFINSV,BUY,0.7391306240779156,2080.0,REARM
2025-12-12,BAJAJFINSV,SELL,0.7391306240779156,2075.800048828125,REDUCE
2025-12-12,MARUTI,SELL,0.2037293205192084,16248.0,REDUCE
2025-12-15,DRREDDY,BUY,7.843752300966461,1274.9000244140625,REENTRY
2025-12-15,INFY,SELL,6.4221952069821295,1585.0,REDUCE
2025-12-17,INFY,BUY,6.4221952069821295,1587.199951171875,REARM
2025-12-18,BAJAJ-AUTO,SELL,0.5807875479149727,8891.0,REDUCE
2025-12-18,HDFCBANK,SELL,2.953051838058731,973.2999877929688,REDUCE
2025-12-19,TCS,BUY,3.086325852522878,3240.09857605464,REENTRY
2025-12-19,TATASTEEL,SELL,67.32372308610658,169.14999389648438,REDUCE
2025-12-31,TCS,BUY,3.086325852522878,3182.151893056932,REARM
2026-01-02,ADANIPORTS,SELL,3.721722768125646,1480.0999755859375,REDUCE
2026-01-02,BEL,SELL,17.14798842225948,397.9558160427617,REDUCE
2026-01-06,DRREDDY,SELL,3.9218761504832305,1250.0,REDUCE
2026-01-07,ICICIBANK,BUY,7.1022727272727275,1408.0,REENTRY
2026-01-07,TCS,SELL,3.086325852522878,3185.0000101265678,REDUCE
2026-01-09,ICICIBANK,BUY,7.1022727272727275,1427.0999755859375,REARM
2026-01-12,BAJAJFINSV,SELL,0.7391306240779156,1992.0,EXIT
2026-01-12,BHARTIARTL,SELL,0.2051056985670879,2023.5,REDUCE
2026-01-12,HDFCBANK,SELL,2.953051838058731,937.5,EXIT
2026-01-13,BAJFINANCE,SELL,0.43982135953402157,950.0,EXIT
2026-01-13,DRREDDY,SELL,3.9218761504832305,1215.5999755859375,EXIT
2026-01-19,TCS,BUY,3.0863258525228776,3188.0,REARM
2026-01-20,ADANIPORTS,SELL,1.860861384062823,1409.0,REDUCE
2026-01-20,KOTAKBANK,SELL,5.827505827505828,428.0,REDUCE
2026-01-21,KOTAKBANK,BUY,5.827505827505828,422.1000061035156,REARM
2026-01-21,BHARTIARTL,BUY,0.2051056985670879,1977.0,REARM
2026-01-21,ADANIPORTS,BUY,1.860861384062823,1371.699951171875,REARM
2026-01-22,ADANIPORTS,SELL,3.721722768125646,1400.0,EXIT
2026-01-22,BHARTIARTL,SELL,0.2051056985670879,2008.800048828125,REDUCE
2026-01-22,KOTAKBANK,SELL,5.827505827505828,423.79998779296875,REDUCE
2026-01-23,KOTAKBANK,BUY,5.827505827505828,429.0,REARM
2026-01-23,BHARTIARTL,BUY,0.2051056985670879,2009.0,REARM
2026-02-03,BHARTIARTL,SELL,0.2051056985670879,2050.0,REDUCE
2026-02-03,HDFCLIFE,SELL,15.079159239646817,721.5,EXIT
2026-02-04,ADANIPORTS,BUY,6.5363748221586615,1529.9000244140625,REENTRY
2026-02-04,ADANIPORTS,BUY,6.5363748221586615,1529.9000244140625,REARM
2026-02-05,ICICIBANK,SELL,7.1022727272727275,1414.0,REDUCE
2026-02-05,MARUTI,SELL,0.2037293205192084,15090.0,EXIT
2026-02-06,ICICIBANK,BUY,7.102272727272727,1396.699951171875,REARM
2026-02-09,EICHERMOT,SELL,0.4970980847790967,7116.0,REDUCE
2026-02-09,KOTAKBANK,SELL,11.655011655011656,430.0,EXIT
2026-02-10,DRREDDY,BUY,7.818608287724785,1279.0,REENTRY
2026-02-10,HINDUNILVR,SELL,4.031443951388376,2435.0,REDUCE
2026-02-10,KOTAKBANK,BUY,23.212628327198885,430.79998779296875,REENTRY
2026-02-10,M&M,SELL,3.2232335790823625,3616.300048828125,REDUCE
2026-02-11,HCLTECH,SELL,6.395200888068673,1574.0,REDUCE
2026-02-12,APOLLOHOSP,BUY,1.3329707310706929,7502.040192561181,REENTRY
2026-02-16,BAJFINANCE,BUY,9.774693435628746,1023.0499877929688,REENTRY
2026-02-17,BAJAJFINSV,BUY,4.88997555012225,2045.0,REENTRY
2026-02-17,HCLTECH,SELL,6.395200888068673,1464.0,EXIT
2026-02-17,M&M,SELL,1.6116167895411813,3509.699951171875,REDUCE
2026-02-20,APOLLOHOSP,BUY,1.3329707310706926,7540.0,REARM
2026-02-23,HINDUNILVR,SELL,4.031443951388376,2325.0,EXIT
2026-02-24,DRREDDY,BUY,7.818608287724784,1307.5,REARM
2026-02-25,BHARTIARTL,SELL,0.2051056985670879,1955.0,EXIT
2026-02-26,KOTAKBANK,SELL,11.606314163599443,426.70001220703125,REDUCE
2026-02-27,BAJAJFINSV,BUY,4.88997555012225,2022.699951171875,REARM
2026-03-02,KOTAKBANK,BUY,11.606314163599444,410.0,REARM
2026-03-02,M&M,BUY,1.6116167895411813,3299.89990234375,REARM
2026-03-06,SBILIFE,SELL,3.094530564356434,1930.0,REDUCE
2026-03-09,SBILIFE,BUY,3.094530564356434,1900.0,REARM
2026-03-13,ADANIENT,SELL,7.828401290807046,1999.9000244140625,EXIT
2026-03-13,ADANIPORTS,SELL,13.072749644317323,1388.699951171875,EXIT
2026-03-13,APOLLOHOSP,SELL,1.3329707310706929,7556.0,REDUCE
2026-03-13,ASIANPAINT,SELL,8.31515712108937,2204.699951171875,EXIT
2026-03-13,BAJFINANCE,SELL,9.774693435628746,861.0,EXIT
2026-03-13,BAJAJFINSV,SELL,9.7799511002445,1760.0999755859375,EXIT
2026-03-13,CIPLA,SELL,13.185679471080993,1324.300048828125,EXIT
2026-03-13,DRREDDY,SELL,7.818608287724784,1310.0,REDUCE
2026-03-13,ETERNAL,SELL,683.0959037260254,220.89999389648438,EXIT
2026-03-13,GRASIM,SELL,7.5038343702462065,2655.0,EXIT
2026-03-13,ICICIBANK,SELL,14.204545454545453,1251.9000244140625,EXIT
2026-03-13,INFY,SELL,12.844390413964259,1251.0,EXIT
2026-03-13,KOTAKBANK,SELL,23.212628327198885,373.0,EXIT
2026-03-13,LT,SELL,5.6273771713593375,3696.0,EXIT
2026-03-13,M&M,SELL,3.2232335790823625,2965.0,EXIT
2026-03-13,NESTLEIND,SELL,16.958536966753233,1219.0,EXIT
2026-03-13,RELIANCE,SELL,7.323077156448646,1385.199951171875,EXIT
2026-03-13,SBILIFE,SELL,3.094530564356434,1932.5,REDUCE
2026-03-13,TCS,SELL,6.172651705045755,2437.0,EXIT
2026-03-13,TATACONSUM,SELL,18.97196710323446,1049.0,EXIT
2026-03-13,TECHM,SELL,12.718582239727027,1342.5,EXIT
2026-03-13,TRENT,SELL,3.2120774110656063,3509.89990234375,EXIT
2026-03-13,ULTRACEMCO,SELL,1.6995592595679223,11000.0,EXIT
2026-03-13,WIPRO,SELL,79.45913832080095,200.60000610351562,EXIT
2026-03-16,AXISBANK,SELL,17.321818432571334,1199.199951171875,EXIT
2026-03-16,BAJAJ-AUTO,SELL,0.5807875479149727,8866.0,EXIT
2026-03-16,EICHERMOT,SELL,0.4970980847790967,6701.0,EXIT
2026-03-16,SBILIFE,SELL,3.094530564356434,1901.0,EXIT
2026-03-20,APOLLOHOSP,SELL,1.3329707310706929,7231.5,EXIT
2026-03-23,SHRIRAMFIN,SELL,8.284342330645375,930.0,EXIT
2026-03-24,BEL,SELL,17.14798842225948,412.5,EXIT
2026-03-24,DRREDDY,SELL,7.818608287724784,1267.199951171875,EXIT
2026-03-24,HINDALCO,SELL,15.061804644648959,849.0,EXIT
2026-03-24,JSWSTEEL,SELL,2.4992344553900017,1131.9000244140625,EXIT
2026-03-24,SBIN,SELL,25.406713743387943,1055.199951171875,EXIT
2026-03-25,APOLLOHOSP,BUY,1.3403029084573113,7461.0,REENTRY
2026-03-27,DRREDDY,BUY,7.710100231303007,1297.0,REENTRY
2026-04-01,APOLLOHOSP,SELL,1.3403029084573113,7549.0,EXIT
2026-04-01,DRREDDY,SELL,7.710100231303007,1280.0,EXIT
2026-04-08,HINDALCO,BUY,10.256410256410257,975.0,REENTRY
2026-04-09,ADANIPORTS,BUY,6.958942240779401,1437.0,REENTRY
2026-04-09,AXISBANK,BUY,7.562580073155407,1322.300048828125,REENTRY
2026-04-09,LT,BUY,2.507522567703109,3988.0,REENTRY
2026-04-09,SHRIRAMFIN,BUY,9.900010139292611,1010.0999755859375,REENTRY
2026-04-10,APOLLOHOSP,BUY,1.3333333333333333,7500.0,REENTRY
2026-04-10,BAJAJ-AUTO,BUY,1.0638297872340425,9400.0,REENTRY
2026-04-10,BEL,BUY,22.517450715074055,444.1000061035156,REENTRY
2026-04-10,JSWSTEEL,BUY,8.264462809917354,1210.0,REENTRY
2026-04-13,EICHERMOT,BUY,1.3986013986013985,7150.0,REENTRY
2026-04-13,SUNPHARMA,SELL,11.182823949638067,1654.9000244140625,EXIT
2026-04-16,EICHERMOT,BUY,1.3986013986013985,7160.0,REARM
2026-04-17,NESTLEIND,BUY,7.948493914676916,1258.0999755859375,REENTRY
2026-04-17,SBILIFE,BUY,5.083884087442806,1967.0,REENTRY
2026-04-17,SBILIFE,BUY,5.083884087442806,1967.0,REARM
2026-04-17,NESTLEIND,BUY,7.948493914676916,1258.0999755859375,REARM
2026-04-21,ASIANPAINT,BUY,3.974088862994354,2516.300048828125,REENTRY
2026-04-21,ASIANPAINT,BUY,3.974088862994354,2516.300048828125,REARM
