,equity,benchmark
2021-04-22,1007341.8785255025,999999.9999999999
2021-04-23,1002833.5873039418,997819.8054076714
2021-04-26,1006249.3005122385,1006989.7433053295
2021-04-27,1010360.0025511535,1018999.2065653277
2021-04-28,1011898.1835261668,1031808.3025770406
2021-04-29,1017506.3349997877,1033032.3025390472
2021-04-30,1015403.3900429177,1019147.5580009439
2021-05-03,1021071.7114881568,1021694.5662080866
2021-05-04,1017787.891415588,1013880.5588220686
2021-05-05,1021342.1329369307,1023157.6349513084
2021-05-06,1024288.1690746455,1030485.3748264436
2021-05-07,1029260.2824012695,1035529.8066046252
2021-05-10,1034958.0658942036,1044333.0113820082
2021-05-11,1033578.7924712051,1042053.8890010893
2021-05-12,1026340.2661295487,1033456.8307384173
2021-05-14,1022223.7896020293,1028033.1891863957
2021-05-17,1025661.8337912087,1044514.2850841284
2021-05-18,1030053.3834117667,1058279.4952316242
2021-05-19,1029981.7607721803,1055798.492546568
2021-05-20,1025655.8586963217,1049818.4727400816
2021-05-21,1028089.3439991036,1064770.574867045
2021-05-24,1027295.8030935045,1068446.8409636386
2021-05-25,1029916.2442467865,1068492.1593891687
2021-05-26,1030716.5227637878,1073371.8188457517
2021-05-27,1031885.6264624179,1077002.605527737
2021-05-28,1029554.5964661288,1081189.8509587261
2021-05-31,1033056.1013515566,1090199.0412617421
2021-06-01,1035168.2625338368,1088884.4044486755
2021-06-02,1039661.8853391022,1094147.2984060552
2021-06-03,1043625.7995092692,1102905.104263369
2021-06-04,1046779.1811271738,1104009.6503293072
2021-06-07,1046233.0344111668,1111077.71482121
2021-06-08,1045830.5531162482,1112470.6728208498
2021-06-09,1044181.8642489964,1104215.7163494793
2021-06-10,1048537.2955385286,1114172.810345287
2021-06-11,1051396.527257558,1118017.9539849747
2021-06-14,1049456.6774676538,1117218.4822223382
2021-06-15,1050216.5522446663,1121640.6107185078
2021-06-16,1046364.6704646451,1113628.747755309
2021-06-17,1042388.5439787215,1106585.4755814583
2021-06-18,1042697.768085585,1103403.7679332776
2021-06-21,1044705.136769329,1109136.5085155575
2021-06-22,1046091.7318307707,1112021.4327979668
2021-06-23,1044353.300203226,1106437.043651303
2021-06-24,1045950.4104872601,1110138.0215714094
2021-06-25,1048470.4896585699,1116002.692703323
2021-06-28,1049476.6104433576,1115479.2367153622
2021-06-29,1049462.3471980835,1111267.2794608604
2021-06-30,1048270.7710355448,1110574.8654352664
2021-07-01,1048575.684446384,1108971.6556994198
2021-07-02,1047262.7749961785,1112297.6095617209
2021-07-05,1048083.4021275791,1119823.1245194979
2021-07-06,1048168.2064300085,1118867.010383715
2021-07-07,1050290.1305763733,1123552.9194846128
2021-07-08,1047977.503842301,1115450.4196703539
2021-07-09,1050271.907397928,1115058.8942320268
2021-07-12,1050554.267296507,1116793.954022968
2021-07-13,1051419.3527052766,1123375.670509449
2021-07-14,1052981.136871799,1126033.922169669
2021-07-15,1052792.6080769473,1130917.6868477475
2021-07-16,1052968.4902351685,1132731.067825262
2021-07-19,1052161.2985605057,1122633.8328368296
2021-07-20,1050359.4539479527,1112392.3516342766
2021-07-22,1054387.4414985997,1126784.050779819
2021-07-23,1055277.833313415,1128168.7983364675
2021-07-26,1057217.2263450823,1127187.8918826329
2021-07-27,1055540.0760746184,1121846.6767386799
2021-07-28,1056387.5249224359,1119279.142424059
2021-07-29,1059644.4745190707,1124603.8561874903
2021-07-30,1059823.6252511286,1126293.5975529016
2021-08-02,1060162.9677445446,1136139.367601093
2021-08-03,1062233.3495538458,1148956.674055797
2021-08-04,1061400.0566117591,1151441.7819623488
2021-08-05,1061454.3367306541,1152447.4002396965
2021-08-06,1061324.025925937,1150230.1781593682
2021-08-09,1061224.104448548,1148614.5722644955
2021-08-10,1060497.8925928716,1145127.9513020916
2021-08-11,1061989.7508480104,1143792.6273924687
2021-08-12,1064515.4132511923,1151656.1389200513
2021-08-13,1065648.2474552197,1159350.6119154617
2021-08-16,1068315.2800291053,1159803.9571598403
2021-08-17,1072765.6703833884,1163290.5781222442
2021-08-18,1072400.8379471886,1161844.0107595439
2021-08-20,1069043.2774865087,1149348.199494124
2021-08-23,1069312.6122264909,1148243.653428186
2021-08-24,1073909.8108994956,1159181.6538778283
2021-08-25,1072141.1387896582,1161683.2631649019
2021-08-26,1071894.3503922024,1162783.7040093443
2021-08-27,1074203.458547619,1169835.2671207255
2021-08-30,1078160.598982329,1186765.6835358804
2021-08-31,1083203.624475836,1199788.9755162175
2021-09-01,1081546.786585246,1199413.8709638729
2021-09-02,1083523.362985128,1210376.5832370282
2021-09-03,1084542.5287575675,1216554.4586206954
2021-09-06,1085413.0428875007,1220391.3918173919
2021-09-07,1084111.0269961786,1218611.0136009208
2021-09-08,1083551.102343427,1220205.932399237
2021-09-09,1083103.773233845,1222913.6882010219
2021-09-13,1084595.151209338,1224211.904128106
2021-09-14,1084850.258310072,1228510.3930121723
2021-09-15,1086086.2865119579,1238088.357728679
2021-09-16,1085564.437269524,1245041.073546009
2021-09-17,1083249.1923676678,1238640.630761648
2021-09-20,1078889.0784185948,1222114.1359438463
2021-09-21,1081361.1406443254,1231968.196929568
2021-09-22,1082055.7507013865,1235615.565486614
2021-09-23,1085807.0093688418,1253329.0327784226
2021-09-24,1084919.4808362888,1252216.2762694934
2021-09-27,1082250.8288572712,1251977.2074882782
2021-09-28,1080705.1765220473,1244274.4435553374
2021-09-29,1081328.2956692337,1243561.5034222654
2021-09-30,1082109.611625139,1240734.293724412
2021-10-01,1080018.2749487795,1237544.3756332404
2021-10-04,1082471.8828856866,1251326.0871612579
2021-10-05,1083015.5330485308,1259482.0353494987
2021-10-06,1079499.0567370413,1247484.9682485266
2021-10-07,1080600.5698754224,1260310.485146222
2021-10-08,1080804.664358171,1266496.5709728803
2021-10-11,1080992.8886060219,1271672.9333006954
2021-10-12,1081631.9258598115,1276115.7488934214
2021-10-13,1082637.7339648176,1288438.4968997124
2021-10-14,1084613.8831361143,1299800.945054186
2021-10-18,1085452.319759653,1309436.6243552486
2021-10-19,1085446.5006056023,1298861.2518043856
2021-10-20,1082152.3336188192,1283266.239793393
2021-10-21,1081247.2740940335,1276589.7007398172
2021-10-22,1079836.9580743967,1269340.2820512552
2021-10-25,1077684.4983645575,1263953.6679872333
2021-10-26,1078561.586271757,1277578.8176366433
2021-10-27,1078159.9549795606,1276317.6291975586
2021-10-28,1076408.3966940367,1252125.558923894
2021-10-29,1075178.228841458,1243557.39820077
2021-11-01,1076091.8272734394,1261344.9204685779
2021-11-02,1075877.983558686,1262329.9321439085
2021-11-03,1075829.4255944265,1259700.497528697
2021-11-04,1076260.7873219228,1267460.9760461934
2021-11-08,1078958.228479178,1279268.5590020544
2021-11-09,1078648.9430853166,1281065.4385990473
2021-11-10,1078925.0279860927,1279346.7996940885
2021-11-11,1077060.2526055933,1270279.8948065164
2021-11-12,1079015.9982265988,1284119.3209190897
2021-11-15,1079098.7182889504,1285240.2878710104
2021-11-16,1078436.7869847629,1279701.2976444159
2021-11-17,1078204.6457070282,1273894.3410970583
2021-11-18,1076823.7104921215,1261332.524309552
2021-11-22,1073984.5097461198,1234473.9919326762
2021-11-23,1074665.6935960727,1245280.061832685
2021-11-24,1073896.1723775861,1240227.339116973
2021-11-25,1074334.1957973184,1248807.8959991236
2021-11-26,1072582.8238724722,1212260.0749581247
2021-11-29,1072269.275840735,1208076.9347486312
2021-11-30,1072723.5332861203,1207409.23254655
2021-12-01,1072620.9042321031,1218648.1215834594
2021-12-02,1073641.1637764496,1234247.319310487
2021-12-03,1072835.2679858373,1224549.8202033725
2021-12-06,1071120.2105346404,1204936.440304485
2021-12-07,1071738.665234406,1222752.9406063796
2021-12-08,1072585.6251767164,1242432.2455328146
2021-12-09,1072551.0298752107,1246829.6622054714
2021-12-10,1072727.5956695194,1249170.604392442
2021-12-13,1072458.0084237955,1241690.407860195
2021-12-14,1072476.8688054816,1239959.4532907496
2021-12-15,1072203.6734902947,1232528.6804055283
2021-12-16,1072432.8959081345,1231156.3290079054
2021-12-17,1072406.5370569783,1209453.4718622887
2021-12-20,1071851.069567772,1178753.8205726815
2021-12-21,1072104.801451461,1191999.7604482514
2021-12-22,1072220.3550500567,1206700.3976349737
2021-12-23,1072633.9569460964,1215907.4435151706
2021-12-24,1072293.1407745949,1208765.1630581904
2021-12-27,1072247.0320686244,1213941.5253860054
2021-12-28,1072564.8530625629,1225501.8291176597
2021-12-29,1072562.6366741213,1225135.0959973847
2021-12-30,1072617.5505961506,1223375.2438883916
2021-12-31,1072579.1859351508,1236081.3068900185
2022-01-03,1072659.6786847264,1253258.9220348406
2022-01-04,1072664.9458466154,1262667.848219175
2022-01-05,1072254.954220637,1269068.2910035357
2022-01-06,1072052.9679221704,1260306.299430187
2022-01-07,1072026.6402963132,1265124.1390807184
2022-01-10,1072300.8447138404,1277240.8210668375
2022-01-11,1072337.3281725263,1280125.7453492468
2022-01-12,1072501.700654201,1291447.060794225
2022-01-13,1072647.2672504284,1295827.9760863602
2022-01-14,1072892.1335046273,1296598.7112985274
2022-01-17,1072968.4894504198,1300790.0619510121
2022-01-18,1072827.4381489248,1283632.972913668
2022-01-19,1072423.465551992,1275340.9084597586
2022-01-20,1072097.352635164,1266158.5744030746
2022-01-21,1071811.4855816497,1251297.1896217102
2022-01-24,1071443.6251130926,1212659.8108394428
2022-01-25,1071333.4167321876,1222563.3759667294
2022-01-27,1071005.800081047,1209993.3487362317
2022-01-28,1071023.8536181464,1213583.0027087217
2022-01-31,1071023.8536181464,1229919.932886873
2022-02-01,1071023.8536181464,1245972.475858279
2022-02-02,1071023.8536181464,1260574.1852564109
2022-02-03,1071023.8536181464,1247596.292196143
2022-02-04,1071023.8536181464,1243437.8638101623
2022-02-07,1071023.8536181464,1225728.501739849
2022-02-08,1071023.8536181464,1224611.6400094242
2022-02-09,1071023.8536181464,1237742.1507158822
2022-02-10,1071023.8536181464,1245642.7702260036
2022-02-11,1071023.8536181464,1227434.7444857818
2022-02-14,1071023.8536181464,1186971.7495560525
2022-02-15,1071023.8536181464,1220366.679993879
2022-02-16,1071023.8536181464,1219076.7550043252
2022-02-17,1071023.8536181464,1217605.3953235731
2022-02-18,1071023.8536181464,1212548.5673863655
2022-02-21,1071023.8536181464,1203184.8791330222
2022-02-22,1071023.8536181464,1194278.8023346313
2022-02-23,1071023.8536181464,1195754.267236879
2022-02-24,1071023.8536181464,1135480.0368310811
2022-02-25,1071023.8536181464,1169414.92463739
2022-02-28,1071023.8536181464,1179351.4120311807
2022-03-02,1071023.8536181464,1170436.9638007202
2022-03-03,1071023.8536181464,1165174.0698433407
2022-03-04,1071023.8536181464,1145160.9540631347
2022-03-07,1071023.8536181464,1118050.9567460178
2022-03-08,1071023.8536181464,1129796.7198958271
2022-03-09,1071023.8536181464,1152286.6526450545
2022-03-10,1071023.8536181464,1169546.7746924846
2022-03-11,1071023.8536181464,1173515.6384388148
2022-03-14,1071023.8536181464,1184845.083832245
2022-03-15,1071023.8536181464,1171759.8915513172
2022-03-16,1071023.8536181464,1193681.2108761324
2022-03-17,1071023.8536181464,1213455.2578751228
2022-03-21,1071023.8536181464,1203617.6177753836
2022-03-22,1071023.8536181464,1213648.9277362688
2022-03-23,1071023.8536181464,1211266.852839803
2022-03-24,1071023.8536181464,1211612.9793580608
2022-03-25,1071023.8536181464,1207685.409310304
2022-03-28,1071023.8536181464,1209675.9587684432
2022-03-29,1071023.8536181464,1216768.8155783978
2022-03-30,1071023.8536181464,1227896.380667691
2022-03-31,1071023.8536181464,1227698.52509051
2022-04-01,1071023.8536181464,1243590.320467274
2022-04-04,1071023.8536181464,1268062.672726188
2022-04-05,1071023.8536181464,1268581.942998114
2022-04-06,1071023.8536181464,1263422.0820508203
2022-04-07,1071023.8536181464,1252982.8257656258
2022-04-08,1071023.8536181464,1264617.2649678185
2022-04-11,1071023.8536181464,1263224.2264736395
2022-04-12,1071023.8536181464,1249970.1566496175
2022-04-13,1071023.8536181464,1247814.6738808018
2022-04-18,1071023.8536181464,1230299.062166174
2022-04-19,1071023.8536181464,1213863.2846939713
2022-04-20,1071023.8536181464,1224055.2617549596
2022-04-21,1071023.8536181464,1240841.4319559939
2022-04-22,1071023.8536181464,1227727.3421355183
2022-04-25,1071023.8536181464,1209441.0757032626
2022-04-26,1071023.8536181464,1228015.8345637594
2022-04-27,1071023.8536181464,1216282.4675729761
2022-04-28,1071023.8536181464,1229297.6296048611
2022-04-29,1071023.8536181464,1218536.797635843
2022-05-02,1071023.8536181464,1214658.6512351122
2022-05-04,1071023.8536181464,1186390.5789835358
2022-05-05,1071023.8536181464,1186567.8279586995
2022-05-06,1071023.8536181464,1165981.8325435075
2022-05-09,1071023.8536181464,1153288.1657009064
2022-05-10,1071023.8536181464,1142094.6755840662
2022-05-11,1071023.8536181464,1135158.5416417972
2022-05-12,1071023.8536181464,1109890.742347203
2022-05-13,1071023.8536181464,1110405.9073976332
2022-05-16,1071023.8536181464,1118623.836381004
2022-05-17,1071023.8536181464,1147872.7345918762
2022-05-18,1071023.8536181464,1147225.7194863514
2022-05-19,1071023.8536181464,1116950.5963961144
2022-05-20,1071023.8536181464,1145317.515941742
2022-05-23,1071023.8536181464,1140433.7512636636
2022-05-24,1071023.8536181464,1133134.989422615
2022-05-25,1071023.8536181464,1119987.9773356356
2022-05-26,1071023.8536181464,1131099.0410444068
2022-05-27,1071023.8536181464,1143512.425901758
2022-05-30,1071023.8536181464,1166727.7754376226
2022-05-31,1071023.8536181464,1163826.3497746917
2022-06-01,1071023.8536181464,1160801.3649941967
2022-06-02,1071023.8536181464,1167811.7149015435
2022-06-03,1071023.8536181464,1160389.2329538525
2022-06-06,1071023.8536181464,1158427.4200461828
2022-06-07,1071023.8536181464,1148659.8906900256
2022-06-08,1071023.8536181464,1144645.7890127045
2022-06-09,1071023.8536181464,1152080.5866248824
2022-06-10,1071023.8536181464,1135978.6200064507
2022-06-13,1071023.8536181464,1105905.4577148904
2022-06-14,1071023.8536181464,1103548.014147398
2022-06-15,1071023.8536181464,1102933.9213083775
2022-06-16,1071023.8536181464,1078894.3076918246
2022-06-17,1071023.8536181464,1071109.1978453542
2022-06-20,1071023.8536181464,1067482.4358903256
2022-06-21,1071023.8536181464,1091480.8363028439
2022-06-22,1071023.8536181464,1075477.7169784636
2022-06-23,1071023.8536181464,1086279.6816569767
2022-06-24,1071023.8536181464,1098124.3725953766
2022-06-27,1071023.8536181464,1108184.4996012703
2022-06-28,1071023.8536181464,1109808.3159391342
2022-06-29,1071023.8536181464,1105983.6984069245
2022-06-30,1071023.8536181464,1103486.1943413466
2022-07-01,1071023.8536181464,1104054.968754837
2022-07-04,1071023.8536181464,1110500.729964728
2022-07-05,1071023.8536181464,1109610.4603619534
2022-07-06,1071023.8536181464,1123577.6313081256
2022-07-07,1071023.8536181464,1134647.4818128624
2022-07-08,1071023.8536181464,1139811.4479816516
2022-07-11,1071023.8536181464,1144641.60329667
2022-07-12,1071023.8536181464,1135751.9473842615
2022-07-13,1071023.8536181464,1131461.7494377254
2022-07-14,1071023.8536181464,1129458.8038205605
2022-07-15,1071023.8536181464,1136675.1392535402
2022-07-18,1071023.8536181464,1152682.3637994162
2022-07-19,1071023.8536181464,1158225.5397420456
2022-07-20,1071023.8536181464,1167519.117251807
2022-07-21,1071023.8536181464,1176371.6651816764
2022-07-22,1071023.8536181464,1181712.8803256294
2022-07-25,1071023.8536181464,1177006.3646227145
2022-07-26,1071023.8536181464,1165627.4150877192
2022-07-27,1071023.8536181464,1175609.2209070397
2022-07-28,1071023.8536181464,1192634.37939475
2022-07-29,1071023.8536181464,1208835.2738017724
2022-08-01,1071023.8536181464,1223770.8745482143
2022-08-02,1071023.8536181464,1226223.0601882623
2022-08-03,1071023.8536181464,1226342.5945788699
2022-08-04,1071023.8536181464,1227529.5670528766
2022-08-05,1071023.8536181464,1228184.8730959317
2022-08-08,1071023.8536181464,1235846.3433302988
2022-08-10,1071023.8536181464,1235224.040048287
2022-08-11,1071023.8536181464,1244237.4160673379
2022-08-12,1071023.8536181464,1247979.5266969395
2022-08-16,1071023.8536181464,1259515.0381105419
2022-08-17,1071023.8536181464,1267638.144526818
2022-08-18,1071023.8536181464,1269744.1231540688
2022-08-19,1071023.8536181464,1255900.7528090782
2022-08-22,1071023.8536181464,1236538.7573558928
2022-08-23,1071023.8536181464,1243854.101072002
2022-08-24,1071023.8536181464,1247967.2110324528
2022-08-25,1071023.8536181464,1244690.7613117164
2022-08-26,1071023.8536181464,1248556.5115534214
2022-08-29,1071023.8536181464,1234148.3915218965
2022-08-30,1071023.8536181464,1263187.1184911008
2022-09-01,1071023.8536181464,1253802.9846248184
2022-09-02,1071023.8536181464,1253011.642810634
2022-09-05,1071023.8536181464,1260660.7973805144
2022-09-06,1071023.8536181464,1262198.0015942748
2022-09-07,1071023.8536181464,1262721.4575822353
2022-09-08,1071023.8536181464,1272719.7647820774
2022-09-09,1071023.8536181464,1274920.5659764232
2022-09-12,1071023.8536181464,1283987.4708639954
2022-09-13,1071023.8536181464,1291607.727894328
2022-09-14,1071023.8536181464,1288380.7823151564
2022-09-15,1071023.8536181464,1284230.564372167
2022-09-16,1071023.8536181464,1256502.449489073
2022-09-19,1071023.8536181464,1260590.6866369324
2022-09-20,1071023.8536181464,1275163.659484595
2022-09-21,1071023.8536181464,1266170.9705621004
2022-09-22,1071023.8536181464,1264031.9891738063
2022-09-23,1071023.8536181464,1241146.4257647563
2022-09-26,1071023.8536181464,1213784.963507398
2022-09-27,1071023.8536181464,1213916.8135624926
2022-09-28,1071023.8536181464,1205121.89972264
2022-09-29,1071023.8536181464,1203630.0139344095
2022-09-30,1071023.8536181464,1222328.4124070096
2022-10-03,1071023.8536181464,1206597.3646248877
2022-10-04,1071023.8536181464,1233575.5118869103
2022-10-06,1071023.8536181464,1240767.2159909164
2022-10-07,1071023.8536181464,1239419.5764168063
2022-10-10,1071023.8536181464,1232409.2265094595
2022-10-11,1071023.8536181464,1213471.7592556444
2022-10-12,1071023.8536181464,1222377.9165485743
2022-10-13,1071023.8536181464,1214164.092786699
2022-10-14,1071023.8536181464,1221153.8360920288
2022-10-17,1071023.8536181464,1228658.8249423276
2022-10-18,1071023.8536181464,1241055.7084191572
2022-10-19,1071023.8536181464,1242048.9305374788
2022-10-20,1071023.8536181464,1245634.4792884733
2022-10-21,1071023.8536181464,1243079.2606383392
2022-10-24,1071023.8536181464,1252776.7597454537
2022-10-25,1071023.8536181464,1249426.0940596398
2022-10-27,1071023.8536181464,1256527.1613125857
2022-10-28,1071023.8536181464,1256308.6991333875
2022-10-31,1071023.8536181464,1271343.22766842
2022-11-01,1071023.8536181464,1280690.4145412417
2022-11-02,1071023.8536181464,1277405.6738829752
2022-11-03,1071023.8536181464,1276346.5267371063
2022-11-04,1071023.8536181464,1280150.4571727596
2022-11-07,1071023.8536181464,1287099.0677685938
2022-11-09,1071023.8536181464,1283150.810624281
2022-11-10,1071023.8536181464,1272662.0501975215
2022-11-11,1071023.8536181464,1289897.3799268997
2022-11-14,1071023.8536181464,1289988.0972724988
2022-11-15,1071023.8536181464,1293590.1474040148
2022-11-16,1071023.8536181464,1291067.8510203848
2022-11-17,1071023.8536181464,1285623.602866346
2022-11-18,1071023.8536181464,1281798.9853341363
2022-11-21,1071023.8536181464,1273799.5185299634
2022-11-22,1071023.8536181464,1278365.9737347928
2022-11-23,1071023.8536181464,1280752.2343472934
2022-11-24,1071023.8536181464,1292510.3131615894
2022-11-25,1071023.8536181464,1296339.035915295
2022-11-28,1071023.8536181464,1301053.8425557401
2022-11-29,1071023.8536181464,1303361.7819816675
2022-11-30,1071023.8536181464,1314382.208839379
2022-12-01,1071023.8536181464,1319146.4391268499
2022-12-02,1071023.8536181464,1315812.2748215576
2022-12-05,1071023.8536181464,1316117.2686303202
2022-12-06,1071023.8536181464,1312461.6091357437
2022-12-07,1071023.8536181464,1307445.9944025706
2022-12-08,1071023.8536181464,1311493.098840935
2022-12-09,1071023.8536181464,1303386.4938051803
2022-12-12,1071023.8536181464,1304643.4965282301
2022-12-13,1071023.8536181464,1310949.1167454962
2022-12-14,1071023.8536181464,1315836.9866450704
2022-12-15,1071023.8536181464,1301000.2331926797
2022-12-16,1071023.8536181464,1288846.443224022
2022-12-19,1071023.8536181464,1298642.8701197268
2022-12-20,1071023.8536181464,1296252.5042857304
2022-12-21,1071023.8536181464,1279878.4661250403
2022-12-22,1071023.8536181464,1271961.4257289362
2022-12-23,1071023.8536181464,1240186.1259129387
2022-12-27,1071023.8536181464,1270877.4862650156
2022-12-28,1071023.8536181464,1272068.563960518
2022-12-29,1071023.8536181464,1276387.7399411406
2022-12-30,1071023.8536181464,1273391.491711115
2023-01-02,1071023.8536181464,1279558.741815617
2023-01-03,1071023.8536181464,1282373.5553544443
2023-01-04,1071023.8536181464,1268789.6994036078
2023-01-05,1071023.8536181464,1268229.2159276477
2023-01-06,1071023.8536181464,1258816.1040272785
2023-01-09,1071023.8536181464,1273496.2151065227
2023-01-10,1071023.8536181464,1263205.310256944
2023-01-11,1071023.8536181464,1261235.2869062833
2023-01-12,1071023.8536181464,1259442.512530786
2023-01-13,1071023.8536181464,1264923.8686673637
2023-01-16,1071023.8536181464,1261573.283476089
2023-01-17,1071023.8536181464,1269049.3747868403
2023-01-18,1071023.8536181464,1274835.6442376412
2023-01-19,1071023.8536181464,1270990.5005979536
2023-01-20,1071023.8536181464,1265072.300597519
2023-01-23,1071023.8536181464,1269630.4648648177
2023-01-24,1071023.8536181464,1268422.8857887937
2023-01-25,1071023.8536181464,1250569.3579988992
2023-01-27,1071023.8536181464,1226072.2134219331
2023-01-30,1071023.8536181464,1224378.3668350263
2023-01-31,1071023.8536181464,1231079.617712115
2023-02-01,1071023.8536181464,1223838.4899610833
2023-02-02,1071023.8536181464,1223158.4720945153
2023-02-03,1071023.8536181464,1233292.7345709475
2023-02-06,1071023.8536181464,1230968.3742590377
2023-02-07,1071023.8536181464,1228334.8344223304
2023-02-08,1071023.8536181464,1238728.772281995
2023-02-09,1071023.8536181464,1238877.1237176112
2023-02-10,1071023.8536181464,1237702.5474026303
2023-02-13,1071023.8536181464,1228194.6934297057
2023-02-14,1071023.8536181464,1233832.6919394296
2023-02-15,1071023.8536181464,1239664.3603103
2023-02-16,1071023.8536181464,1243299.3327083199
2023-02-17,1071023.8536181464,1236721.7214433346
2023-02-20,1071023.8536181464,1231339.2930953475
2023-02-21,1071023.8536181464,1229303.3447171394
2023-02-22,1071023.8536181464,1211824.8409850502
2023-02-23,1071023.8536181464,1208927.5205436149
2023-02-24,1071023.8536181464,1205935.458029624
2023-02-27,1071023.8536181464,1199197.0991699966
2023-02-28,1071023.8536181464,1196728.412149427
2023-03-01,1071023.8536181464,1208770.8781704686
2023-03-02,1071023.8536181464,1202374.6211021424
2023-03-03,1071023.8536181464,1217829.5726150493
2023-03-06,1071023.8536181464,1226587.3784723633
2023-03-08,1071023.8536181464,1229962.75598169
2023-03-09,1071023.8536181464,1220236.4398295672
2023-03-10,1071023.8536181464,1210007.2742915011
2023-03-13,1071023.8536181464,1191428.4102095086
2023-03-14,1071023.8536181464,1183523.6854778915
2023-03-15,1071023.8536181464,1180370.8753692585
2023-03-16,1071023.8536181464,1181199.2446714425
2023-03-17,1071023.8536181464,1188658.8346016724
2023-03-20,1071023.8536181464,1180107.0947645304
2023-03-21,1071023.8536181464,1187871.6785035226
2023-03-22,1071023.8536181464,1191885.860675383
2023-03-23,1071023.8536181464,1187236.9790624848
2023-03-24,1071023.8536181464,1176966.6808149235
2023-03-27,1071023.8536181464,1175623.1464623092
2023-03-28,1071023.8536181464,1171427.6100937896
2023-03-29,1071023.8536181464,1182456.2473944924
2023-03-31,1071023.8536181464,1199951.252507103
2023-04-03,1071023.8536181464,1203586.3053996621
2023-04-05,1071023.8536181464,1212443.0390455665
2023-04-06,1071023.8536181464,1216547.8580684867
2023-04-10,1071023.8536181464,1219131.8937636293
2023-04-11,1071023.8536181464,1225454.0153614169
2023-04-12,1071023.8536181464,1231578.2813820236
2023-04-13,1071023.8536181464,1232625.1128634056
2023-04-17,1071023.8536181464,1228507.8976814593
2023-04-18,1071023.8536181464,1227906.2010014646
2023-04-19,1071023.8536181464,1224600.93423572
2023-04-20,1071023.8536181464,1225000.670117038
2023-04-21,1071023.8536181464,1223793.091041014
2023-04-24,1071023.8536181464,1230638.6686267622
2023-04-25,1071023.8536181464,1232744.6472540132
2023-04-26,1071023.8536181464,1235934.565345185
2023-04-27,1071023.8536181464,1242582.2068592133
2023-04-28,1071023.8536181464,1254492.82282516
2023-05-02,1071023.8536181464,1261185.8632592575
2023-05-03,1071023.8536181464,1259178.812420597
2023-05-04,1071023.8536181464,1269820.0295044682
2023-05-05,1071023.8536181464,1259360.0861227172
2023-05-08,1071023.8536181464,1271600.4077209395
2023-05-09,1071023.8536181464,1271064.636068492
2023-05-10,1071023.8536181464,1274810.9324141284
2023-05-11,1071023.8536181464,1276294.6077593677
2023-05-12,1071023.8536181464,1275742.3347263986
2023-05-15,1071023.8536181464,1281705.9336469024
2023-05-16,1071023.8536181464,1276982.916563466
2023-05-17,1071023.8536181464,1271538.5879148878
2023-05-18,1071023.8536181464,1266201.4779924306
2023-05-19,1071023.8536181464,1269988.9875421016
2023-05-22,1071023.8536181464,1277939.0306992487
2023-05-23,1071023.8536181464,1281297.9068280538
2023-05-24,1071023.8536181464,1278924.0423745792
2023-05-25,1071023.8536181464,1282163.3841127767
2023-05-26,1071023.8536181464,1293826.720854517
2023-05-29,1071023.8536181464,1300058.1251067056
2023-05-30,1071023.8536181464,1302291.9290620945
2023-05-31,1071023.8536181464,1299567.7523743273
2023-06-01,1071023.8536181464,1299069.0082098795
2023-06-02,1071023.8536181464,1303260.4393569033
2023-06-05,1071023.8536181464,1307241.6187677202
2023-06-06,1071023.8536181464,1308799.510078037
2023-06-07,1071023.8536181464,1319374.802134361
2023-06-08,1071023.8536181464,1312314.9480854494
2023-06-09,1071023.8536181464,1308717.0836699682
2023-06-12,1071023.8536181464,1312978.4645714958
2023-06-13,1071023.8536181464,1322795.4980692177
2023-06-14,1071023.8536181464,1325750.4526006698
2023-06-15,1071023.8536181464,1323623.8673714015
2023-06-16,1071023.8536181464,1333778.81694439
2023-06-19,1071023.8536181464,1330539.4752061926
2023-06-20,1071023.8536181464,1335303.7054936637
2023-06-21,1071023.8536181464,1338683.188224486
2023-06-22,1071023.8536181464,1330428.1512585762
2023-06-23,1071023.8536181464,1319795.1446176963
2023-06-26,1071023.8536181464,1324275.0681929612
2023-06-27,1071023.8536181464,1332299.2468206468
2023-06-28,1071023.8536181464,1341671.1455169814
2023-06-30,1071023.8536181464,1354265.8845709919
2023-07-03,1071023.8536181464,1362339.486845703
2023-07-04,1071023.8536181464,1364655.7977037
2023-07-05,1071023.8536181464,1368047.51560447
2023-07-06,1071023.8536181464,1376113.0684252684
2023-07-07,1071023.8536181464,1365385.2392172934
2023-07-10,1071023.8536181464,1364466.1525695103
2023-07-11,1071023.8536181464,1372234.8415299982
2023-07-12,1071023.8536181464,1371662.0423895512
2023-07-13,1071023.8536181464,1370248.3972933549
2023-07-14,1071023.8536181464,1381915.7587620518
2023-07-17,1071023.8536181464,1390702.5426534524
2023-07-18,1071023.8536181464,1390698.3569374178
2023-07-19,1071023.8536181464,1397416.109195028
2023-07-20,1071023.8536181464,1404756.2452291893
2023-07-21,1071023.8536181464,1393360.7943136725
2023-07-24,1071023.8536181464,1390133.768239962
2023-07-25,1071023.8536181464,1392750.8066961474
2023-07-26,1071023.8536181464,1399188.276968508
2023-07-27,1071023.8536181464,1394588.8190026355
2023-07-28,1071023.8536181464,1396991.5809956577
2023-07-31,1071023.8536181464,1406112.0952462903
2023-08-01,1071023.8536181464,1405465.0801407655
2023-08-02,1071023.8536181464,1389622.627916488
2023-08-03,1071023.8536181464,1382480.5084485859
2023-08-04,1071023.8536181464,1392231.4559296824
2023-08-07,1071023.8536181464,1397650.9922602086
2023-08-08,1071023.8536181464,1397065.7969607355
2023-08-09,1071023.8536181464,1401566.2466434783
2023-08-10,1071023.8536181464,1396290.9565270727
2023-08-11,1071023.8536181464,1389721.6361996178
2023-08-14,1071023.8536181464,1386869.7146782517
2023-08-16,1071023.8536181464,1389136.4409001446
2023-08-17,1071023.8536181464,1384949.1149746163
2023-08-18,1071023.8536181464,1381276.9540995182
2023-08-21,1071023.8536181464,1389054.0144920757
2023-08-22,1071023.8536181464,1393439.0350057066
2023-08-23,1071023.8536181464,1397148.2233688042
2023-08-24,1071023.8536181464,1395491.4847644363
2023-08-25,1071023.8536181464,1386482.2139668812
2023-08-28,1071023.8536181464,1390970.4284796761
2023-08-29,1071023.8536181464,1395256.6016992556
2023-08-30,1071023.8536181464,1398689.5328040603
2023-08-31,1071023.8536181464,1395009.3224750492
2023-09-01,1071023.8536181464,1407393.890287392
2023-09-04,1071023.8536181464,1416163.9313146537
2023-09-05,1071023.8536181464,1422028.602446567
2023-09-06,1071023.8536181464,1424707.4607088042
2023-09-07,1071023.8536181464,1433024.3174807655
2023-09-08,1071023.8536181464,1441427.6253877522
2023-09-11,1071023.8536181464,1455102.1986841878
2023-09-12,1071023.8536181464,1439210.483801963
2023-09-13,1071023.8536181464,1444667.0476204888
2023-09-14,1071023.8536181464,1450993.274439772
2023-09-15,1071023.8536181464,1456128.504058092
2023-09-18,1071023.8536181464,1451825.7489634515
2023-09-20,1071023.8536181464,1438287.211438145
2023-09-21,1071023.8536181464,1426265.352019121
2023-09-22,1071023.8536181464,1422745.808790213
2023-09-25,1071023.8536181464,1423714.3190850217
2023-09-26,1071023.8536181464,1424060.4456032794
2023-09-27,1071023.8536181464,1429405.7659687279
2023-09-28,1071023.8536181464,1415298.4540299308
2023-09-29,1071023.8536181464,1425366.8719733548
2023-10-03,1071023.8536181464,1422218.2475807567
2023-10-04,1071023.8536181464,1411395.5958056871
2023-10-05,1071023.8536181464,1417388.0922657384
2023-10-06,1071023.8536181464,1425449.2983814238
2023-10-09,1071023.8536181464,1411774.725084988
2023-10-10,1071023.8536181464,1426252.9558600949
2023-10-11,1071023.8536181464,1434825.3022992539
2023-10-12,1071023.8536181464,1435843.2362410885
2023-10-13,1071023.8536181464,1433424.0533620836
2023-10-16,1071023.8536181464,1433642.5155412818
2023-10-17,1071023.8536181464,1439799.7038283926
2023-10-18,1071023.8536181464,1429603.6215459087
2023-10-19,1071023.8536181464,1426842.3368756028
2023-10-20,1071023.8536181464,1418455.4498545986
2023-10-23,1071023.8536181464,1392074.813556536
2023-10-25,1071023.8536181464,1381532.6047557944
2023-10-26,1071023.8536181464,1364606.213067596
2023-10-27,1071023.8536181464,1381915.7587620518
2023-10-30,1071023.8536181464,1386914.9526092424
2023-10-31,1071023.8536181464,1384854.2924075215
2023-11-01,1071023.8536181464,1379236.9004998147
2023-11-02,1071023.8536181464,1392248.0378047433
2023-11-03,1071023.8536181464,1401327.177862263
2023-11-06,1071023.8536181464,1414387.738814217
2023-11-07,1071023.8536181464,1416728.6810011878
2023-11-08,1071023.8536181464,1422655.0109500745
2023-11-09,1071023.8536181464,1419292.1100943128
2023-11-10,1071023.8536181464,1422399.5212828768
2023-11-13,1071023.8536181464,1427509.9585831447
2023-11-15,1071023.8536181464,1443125.7381852327
2023-11-16,1071023.8536181464,1450136.0075980404
2023-11-17,1071023.8536181464,1450745.9952155654
2023-11-20,1071023.8536181464,1448532.878356733
2023-11-21,1071023.8536181464,1452979.7186764153
2023-11-22,1071023.8536181464,1452987.9291194065
2023-11-23,1071023.8536181464,1453952.414687259
2023-11-24,1071023.8536181464,1454290.3307625256
2023-11-28,1071023.8536181464,1462392.9110713236
2023-11-29,1071023.8536181464,1475770.6205074487
2023-11-30,1071023.8536181464,1482682.0426262051
2023-12-01,1071023.8536181464,1493183.1992119905
2023-12-04,1071023.8536181464,1520643.5892579393
2023-12-05,1071023.8536181464,1532187.472103611
2023-12-06,1071023.8536181464,1539725.302725875
2023-12-07,1071023.8536181464,1541691.1403605011
2023-12-08,1071023.8536181464,1541662.3233154926
2023-12-11,1071023.8536181464,1547160.1003380527
2023-12-12,1071023.8536181464,1540285.8666963745
2023-12-13,1071023.8536181464,1545614.605186762
2023-12-14,1071023.8536181464,1563946.270539087
2023-12-15,1071023.8536181464,1578057.768193919
2023-12-18,1071023.8536181464,1578923.2454786417
2023-12-19,1071023.8536181464,1580052.4228735536
2023-12-20,1071023.8536181464,1547922.5446126896
2023-12-21,1071023.8536181464,1561304.6007539278
2023-12-22,1071023.8536181464,1570610.413433637
2023-12-26,1071023.8536181464,1578370.8919511335
2023-12-27,1071023.8536181464,1590578.2107883126
2023-12-28,1071023.8536181464,1599010.496729386
2023-12-29,1071023.8536181464,1601475.0785284599
2024-01-02,1071023.8536181464,1600588.9946417199
2024-01-03,1071023.8536181464,1596364.641228192
2024-01-04,1071023.8536181464,1610715.0466751608
2024-01-05,1071023.8536181464,1614782.7577155423
2024-01-08,1071023.8536181464,1600531.1995626248
2024-01-09,1071023.8536181464,1603980.873531568
2024-01-10,1071023.8536181464,1608786.2365285344
2024-01-11,1071023.8536181464,1614267.592665112
2024-01-12,1071023.8536181464,1627558.850966212
2024-01-15,1071023.8536181464,1639094.5233688927
2024-01-16,1071023.8536181464,1634313.7917009003
2024-01-17,1071023.8536181464,1606292.837684452
2024-01-18,1071023.8536181464,1600292.2917704878
2024-01-19,1071023.8536181464,1616085.1593586612
2024-01-23,1071023.8536181464,1583118.620858083
2024-01-24,1071023.8536181464,1603276.0633469482
2024-01-25,1071023.8536181464,1598495.3316789558
2024-01-29,1071023.8536181464,1624760.5388079064
2024-01-30,1071023.8536181464,1613430.9324253977
2024-01-31,1071023.8536181464,1632215.9430221014
2024-02-01,1071023.8536181464,1630175.8894223976
2024-02-02,1071023.8536181464,1641175.790172631
2024-02-05,1071023.8536181464,1636452.6925946553
2024-02-06,1071023.8536181464,1651310.052649063
2024-02-07,1071023.8536181464,1657558.0387763123
2024-02-08,1071023.8536181464,1647502.016991914
2024-02-09,1071023.8536181464,1645354.7446660895
2024-02-12,1071023.8536181464,1621755.9996403502
2024-02-13,1071023.8536181464,1630633.420382811
2024-02-14,1071023.8536181464,1642123.6938654224
2024-02-15,1071023.8536181464,1651577.9384752868
2024-02-16,1071023.8536181464,1662120.3082651068
2024-02-20,1071023.8536181464,1670939.9339284722
2024-02-21,1071023.8536181464,1659103.533927603
2024-02-22,1071023.8536181464,1671933.0755522547
2024-02-23,1071023.8536181464,1674368.8403063202
2024-02-26,1071023.8536181464,1669612.9009563797
2024-02-27,1071023.8536181464,1672666.702781883
2024-02-28,1071023.8536181464,1650209.6922991597
2024-02-29,1071023.8536181464,1655950.72381897
2024-03-01,1071023.8536181464,1677360.9833148504
2024-03-04,1071023.8536181464,1684140.5553785122
2024-03-05,1071023.8536181464,1680015.0492590356
2024-03-06,1071023.8536181464,1679813.1689548981
2024-03-07,1071023.8536181464,1684367.2280007014
2024-03-11,1071023.8536181464,1672328.7867066164
2024-03-12,1071023.8536181464,1662656.079917554
2024-03-13,1071023.8536181464,1619374.0052384236
2024-03-14,1071023.8536181464,1641633.1601439659
2024-03-15,1071023.8536181464,1634119.9608506758
2024-03-18,1071023.8536181464,1635595.4257529236
2024-03-19,1071023.8536181464,1616427.2611499627
2024-03-20,1071023.8536181464,1618199.4289234425
2024-03-21,1071023.8536181464,1640071.2441066927
2024-03-22,1071023.8536181464,1648083.0265753525
2024-03-26,1071023.8536181464,1648960.9000191013
2024-03-27,1071023.8536181464,1655765.2644008151
2024-03-28,1071023.8536181464,1669559.2915933193
2024-04-01,1071023.8536181464,1689127.3530666768
2024-04-02,1071023.8536181464,1695490.6073739596
2024-04-03,1071023.8536181464,1698453.772348403
2024-04-04,1071023.8536181464,1703312.905697508
2024-04-05,1071023.8536181464,1707471.2535889496
2024-04-08,1071023.8536181464,1716043.6000281086
2024-04-09,1071023.8536181464,1713702.6578411378
2024-04-10,1071023.8536181464,1723964.7456457082
2024-04-12,1071023.8536181464,1709977.0485920578
2024-04-15,1071023.8536181464,1687989.8042396954
2024-04-16,1071023.8536181464,1683394.5319898578
2024-04-18,1071023.8536181464,1675291.9516810598
2024-04-19,1071023.8536181464,1680278.7493692245
2024-04-22,1071023.8536181464,1695910.949857295
2024-04-23,1071023.8536181464,1702323.788800682
2024-04-24,1071023.8536181464,1708753.0486300513
2024-04-25,1071023.8536181464,1720066.0731374992
2024-04-26,1071023.8536181464,1717712.7347915026
2024-04-29,1071023.8536181464,1730311.5790670086
2024-04-30,1071023.8536181464,1730723.7111073527
2024-05-02,1071023.8536181464,1737845.384962316
2024-05-03,1071023.8536181464,1727620.4856348236
2024-05-06,1071023.8536181464,1719822.818640249
2024-05-07,1071023.8536181464,1700955.5426245548
2024-05-08,1071023.8536181464,1706630.5686222787
2024-05-09,1071023.8536181464,1676948.8512745062
2024-05-10,1071023.8536181464,1687194.3572040156
2024-05-13,1071023.8536181464,1690648.0558999155
2024-05-14,1071023.8536181464,1704891.4036098418
2024-05-15,1071023.8536181464,1709676.1600047909
2024-05-16,1071023.8536181464,1725106.4801887241
2024-05-17,1071023.8536181464,1736275.2584820515
2024-05-21,1071023.8536181464,1746421.9171175098
2024-05-22,1071023.8536181464,1750551.4479639428
2024-05-23,1071023.8536181464,1771306.4819113072
2024-05-24,1071023.8536181464,1770828.3443488767
2024-05-27,1071023.8536181464,1771590.7886235134
2024-05-28,1071023.8536181464,1762882.4064132252
2024-05-29,1071023.8536181464,1752080.522229251
2024-05-30,1071023.8536181464,1734132.1718722617
2024-05-31,1071023.8536181464,1739469.281794719
2024-06-03,1071023.8536181464,1796681.4194374832
2024-06-04,1071023.8536181464,1675221.921432017
2024-06-05,1071023.8536181464,1735438.5982423371
2024-06-06,1071023.8536181464,1761040.2083907023
2024-06-07,1071023.8536181464,1793940.7413691944
2024-06-10,1071023.8536181464,1797575.7137672142
2024-06-11,1071023.8536181464,1801181.869120226
2024-06-12,1071023.8536181464,1810162.1618836944
2024-06-13,1071023.8536181464,1819505.3240295597
2024-06-14,1071023.8536181464,1831045.021159197
2024-06-18,1071023.8536181464,1840548.6894160868
2024-06-19,1071023.8536181464,1831918.708886911
2024-06-20,1071023.8536181464,1838529.2424184002
2024-06-21,1071023.8536181464,1832850.0307046417
2024-06-24,1071023.8536181464,1837210.419889299
2024-06-25,1071023.8536181464,1843932.3578629438
2024-06-26,1071023.8536181464,1849384.8969545132
2024-06-27,1071023.8536181464,1857676.9614084226
2024-06-28,1071023.8536181464,1859514.9737149107
2024-07-01,1071023.8536181464,1873354.399827484
2024-07-02,1071023.8536181464,1869249.661299103
2024-07-03,1071023.8536181464,1883542.2716669766
2024-07-04,1071023.8536181464,1888735.1353753132
2024-07-05,1071023.8536181464,1894789.4516414164
2024-07-08,1071023.8536181464,1893429.4159082805
2024-07-09,1071023.8536181464,1901358.7719688714
2024-07-10,1071023.8536181464,1893965.187560728
2024-07-11,1071023.8536181464,1896240.1242256123
2024-07-12,1071023.8536181464,1903674.92183779
2024-07-15,1071023.8536181464,1913104.5351186807
2024-07-16,1071023.8536181464,1912642.9794313107
2024-07-18,1071023.8536181464,1913121.1169937414
2024-07-19,1071023.8536181464,1883740.1272441575
2024-07-22,1071023.8536181464,1891080.2632783186
2024-07-23,1071023.8536181464,1884696.2413799402
2024-07-24,1071023.8536181464,1889332.7268338124
2024-07-25,1071023.8536181464,1888986.6003155545
2024-07-26,1071023.8536181464,1919880.082455386
2024-07-29,1071023.8536181464,1928299.811248355
2024-07-30,1071023.8536181464,1932149.2210986167
2024-07-31,1071023.8536181464,1939559.3873818207
2024-08-01,1071023.8536181464,1937564.5717131079
2024-08-02,1071023.8536181464,1917192.8527610793
2024-08-05,1071023.8536181464,1858093.1181757231
2024-08-06,1071023.8536181464,1849920.6686069604
2024-08-07,1071023.8536181464,1883352.7875218652
2024-08-08,1071023.8536181464,1871549.2292929608
2024-08-09,1071023.8536181464,1889501.7653659848
2024-08-12,1071023.8536181464,1888871.1711464424
2024-08-13,1071023.8536181464,1871557.6007250303
2024-08-14,1071023.8536181464,1868825.1330997327
2024-08-16,1071023.8536181464,1900464.47763914
2024-08-19,1071023.8536181464,1907326.4761108707
2024-08-20,1071023.8536181464,1918915.5968875336
2024-08-21,1071023.8536181464,1926193.9131156432
2024-08-22,1071023.8536181464,1932132.639223556
2024-08-23,1071023.8536181464,1930315.233519085
2024-08-26,1071023.8536181464,1942110.42031592
2024-08-27,1071023.8536181464,1945662.9663058713
2024-08-28,1071023.8536181464,1946577.8672376196
2024-08-29,1071023.8536181464,1947851.45183573
2024-08-30,1071023.8536181464,1956353.7680258462
2024-09-02,1071023.8536181464,1958509.0898055837
2024-09-03,1071023.8536181464,1960796.422629494
2024-09-04,1071023.8536181464,1957536.5547838185
2024-09-05,1071023.8536181464,1958682.3140537909
2024-09-06,1071023.8536181464,1935182.416322103
2024-09-09,1071023.8536181464,1937197.838592833
2024-09-10,1071023.8536181464,1948861.1753345735
2024-09-11,1071023.8536181464,1939596.4148698205
2024-09-12,1071023.8536181464,1970596.9547466943
2024-09-13,1071023.8536181464,1972315.513157114
2024-09-16,1071023.8536181464,1975612.5694798676
2024-09-17,1071023.8536181464,1975752.7909670314
2024-09-18,1071023.8536181464,1969879.9093921268
2024-09-19,1071023.8536181464,1966195.352358003
2024-09-20,1071023.8536181464,1994208.0959314597
2024-09-23,1071023.8536181464,2009489.8231961594
2024-09-24,1071023.8536181464,2010355.3004808822
2024-09-25,1071023.8536181464,2008834.5976476434
2024-09-26,1071023.8536181464,2019191.5080193086
2024-09-27,1071023.8536181464,2018585.7061178184
2024-09-30,1071023.8536181464,1998444.6845149354
2024-10-01,1071023.8536181464,2000596.1425567947
2024-10-03,1071023.8536181464,1958076.3511632225
2024-10-04,1071023.8536181464,1939901.3281840438
2024-10-07,1071023.8536181464,1910804.8061357443
2024-10-08,1071023.8536181464,1938055.1054345644
2024-10-09,1071023.8536181464,1945230.2276635098
2024-10-10,1071023.8536181464,1945110.7737674413
2024-10-11,1071023.8536181464,1946190.5275153273
2024-10-14,1071023.8536181464,1955735.56996533
2024-10-15,1071023.8536181464,1956448.4296038628
2024-10-16,1071023.8536181464,1951292.7543726042
2024-10-17,1071023.8536181464,1926882.1414252024
2024-10-18,1071023.8536181464,1932132.639223556
2024-10-21,1071023.8536181464,1917506.137507372
2024-10-22,1071023.8536181464,1880513.1011704467
2024-10-23,1071023.8536181464,1882709.797143297
2024-10-24,1071023.8536181464,1878320.5909136315
2024-10-25,1071023.8536181464,1854515.9408567983
2024-10-28,1071023.8536181464,1866953.9570431232
2024-10-29,1071023.8536181464,1878914.157645174
2024-10-30,1071023.8536181464,1875184.3626800592
2024-10-31,1071023.8536181464,1870201.589718851
2024-11-01,1071023.8536181464,1881263.3102751358
2024-11-04,1071023.8536181464,1856102.6492121234
2024-11-05,1071023.8536181464,1869418.538842197
2024-11-06,1071023.8536181464,1898379.0251193673
2024-11-07,1071023.8536181464,1879837.2690199136
2024-11-08,1071023.8536181464,1866599.620081874
2024-11-11,1071023.8536181464,1862127.9874441396
2024-11-12,1071023.8536181464,1840668.3043012335
2024-11-13,1071023.8536181464,1806370.547112528
2024-11-14,1071023.8536181464,1810339.4108588581
2024-11-18,1071023.8536181464,1805088.9130605045
2024-11-19,1071023.8536181464,1813739.5001916976
2024-11-21,1071023.8536181464,1798614.2543110661
2024-11-22,1071023.8536181464,1831972.3182499714
2024-11-25,1071023.8536181464,1859003.994380515
2024-11-26,1071023.8536181464,1859741.6463370998
2024-11-27,1071023.8536181464,1870395.259579997
2024-11-28,1071023.8536181464,1855776.9683068045
2024-11-29,1071023.8536181464,1870007.9198577048
2024-12-02,1071023.8536181464,1882277.0585009356
2024-12-03,1071023.8536181464,1897525.9439936704
2024-12-04,1071023.8536181464,1904008.8131861
2024-12-05,1071023.8536181464,1918717.7413103527
2024-12-06,1071023.8536181464,1921532.6353437193
2024-12-09,1071023.8536181464,1919875.896739351
2024-12-10,1071023.8536181464,1921763.4936819433
2024-12-11,1071023.8536181464,1925328.4358309205
2024-12-12,1071023.8536181464,1916941.5488099162
2024-12-13,1071023.8536181464,1925394.2803639285
2024-12-16,1071023.8536181464,1924858.508711481
2024-12-17,1071023.8536181464,1903699.7141558419
2024-12-18,1071023.8536181464,1890400.2454117509
2024-12-19,1071023.8536181464,1875378.0325412052
2024-12-20,1071023.8536181464,1839708.004449416
2024-12-23,1071023.8536181464,1847365.4499568266
2024-12-24,1071023.8536181464,1846574.0276481032
2024-12-26,1071023.8536181464,1848853.1500290222
2024-12-27,1071023.8536181464,1850077.1499910287
2024-12-30,1071023.8536181464,1842819.6013540146
2024-12-31,1071023.8536181464,1844323.883301271
2025-01-02,1071023.8536181464,1880950.025528843
2025-01-03,1071023.8536181464,1871751.2705861763
2025-01-06,1071023.8536181464,1831959.9220909453
2025-01-07,1071023.8536181464,1841541.9920289477
2025-01-08,1071023.8536181464,1832487.4833004016
2025-01-09,1071023.8536181464,1817217.9912056495
2025-01-10,1071023.8536181464,1796813.2694925775
2025-01-13,1071023.8536181464,1751021.2140943038
2025-01-14,1071023.8536181464,1770605.8574427222
2025-01-15,1071023.8536181464,1776387.9411774885
2025-01-16,1071023.8536181464,1789852.4237267957
2025-01-17,1071023.8536181464,1787025.1335344033
2025-01-20,1071023.8536181464,1797637.533573266
2025-01-21,1071023.8536181464,1766661.6250253657
2025-01-22,1071023.8536181464,1763640.8259609055
2025-01-23,1071023.8536181464,1775304.1627026459
2025-01-24,1071023.8536181464,1757240.3831765447
2025-01-27,1071023.8536181464,1723614.4334114157
2025-01-28,1071023.8536181464,1724751.9822383968
2025-01-29,1071023.8536181464,1751190.2526264763
2025-01-30,1071023.8536181464,1755476.4258460558
2025-01-31,1071023.8536181464,1778836.10209058
2025-02-03,1071023.8536181464,1764135.3844093184
2025-02-04,1071023.8536181464,1790915.595599621
2025-02-05,1071023.8536181464,1795597.4799735623
2025-02-06,1071023.8536181464,1786382.1431558349
2025-02-07,1071023.8536181464,1784214.4252170715
2025-02-10,1071023.8536181464,1761559.5591571673
2025-02-11,1071023.8536181464,1726870.2765301347
2025-02-12,1071023.8536181464,1723358.9437442177
2025-02-13,1071023.8536181464,1723070.451315977
2025-02-14,1071023.8536181464,1700712.288127305
2025-02-17,1071023.8536181464,1702298.99648263
2025-02-18,1071023.8536181464,1698923.6994678425
2025-02-19,1071023.8536181464,1708818.8931630594
2025-02-20,1071023.8536181464,1717032.7169249346
2025-02-21,1071023.8536181464,1705422.9895462545
2025-02-24,1071023.8536181464,1687140.7478409552
2025-02-25,1071023.8536181464,1683044.2197555653
2025-02-27,1071023.8536181464,1674537.8788384926
2025-02-28,1071023.8536181464,1638711.208373557
2025-03-03,1071023.8536181464,1640034.055629615
2025-03-04,1071023.8536181464,1641756.7997560692
2025-03-05,1071023.8536181464,1669670.5350463965
2025-03-06,1071023.8536181464,1685380.9762265012
2025-03-07,1071023.8536181464,1685076.0629122779
2025-03-10,1071023.8536181464,1670494.799127085
2025-03-11,1071023.8536181464,1673462.1498175631
2025-03-12,1071023.8536181464,1670317.5501519213
2025-03-13,1071023.8536181464,1663039.39491289
2025-03-17,1071023.8536181464,1672291.7592186169
2025-03-18,1071023.8536181464,1702698.7323639481
2025-03-19,1071023.8536181464,1719785.7911522493
2025-03-20,1071023.8536181464,1736728.60372643
2025-03-21,1071023.8536181464,1753531.1948134468
2025-03-24,1071023.8536181464,1775308.1874296023
2025-03-25,1071023.8536181464,1767036.7295777102
2025-03-26,1071023.8536181464,1753658.8591525066
2025-03-27,1071023.8536181464,1764580.3582216275
2025-03-28,1071023.8536181464,1758942.5207009818
2025-04-01,1071023.8536181464,1736786.237816447
2025-04-02,1071023.8536181464,1752851.1769468791
2025-04-03,1071023.8536181464,1751017.1893673474
2025-04-04,1071023.8536181464,1714910.236917162
2025-04-07,1071023.8536181464,1657240.5683139847
2025-04-08,1071023.8536181464,1688158.842771868
2025-04-09,1071023.8536181464,1677933.7824552974
2025-04-11,1071023.8536181464,1710582.8504935482
2025-04-15,1071023.8536181464,1753984.5400578256
2025-04-16,1071023.8536181464,1764283.6553503955
2025-04-17,1071023.8536181464,1787132.352260524
2025-04-21,1071023.8536181464,1813854.9293608097
2025-04-22,1071023.8536181464,1820399.618359291
2025-04-23,1071023.8536181464,1832965.4598737538
2025-04-24,1071023.8536181464,1828271.3403298648
2025-04-25,1071023.8536181464,1800864.5596469766
2025-04-28,1071023.8536181464,1821776.074978409
2025-04-29,1071023.8536181464,1822645.7379791667
2025-04-30,1071023.8536181464,1815857.9554725136
2025-05-02,1071023.8536181464,1813875.5359628268
2025-05-05,1071023.8536181464,1829466.523246863
2025-05-06,1071023.8536181464,1809803.6392064106
2025-05-07,1071023.8536181464,1819352.7063833699
2025-05-08,1071023.8536181464,1800444.2171636412
2025-05-09,1071023.8536181464,1786637.793812111
2025-05-12,1071023.8536181464,1855533.8747986327
2025-05-13,1071023.8536181464,1842180.796691481
2025-05-14,1071023.8536181464,1854552.9683447978
2025-05-15,1071023.8536181464,1878398.9925947438
2025-05-16,1071023.8536181464,1885166.1684993797
2025-05-19,1071023.8536181464,1884745.8260160442
2025-05-20,1071023.8536181464,1861649.849881709
2025-05-21,1071023.8536181464,1873605.864767725
2025-05-22,1071023.8536181464,1862424.6903153718
2025-05-23,1071023.8536181464,1877760.1879322103
2025-05-26,1071023.8536181464,1888248.9483589698
2025-05-27,1071023.8536181464,1880682.1397026193
2025-05-28,1071023.8536181464,1877624.152161081
2025-05-29,1071023.8536181464,1884378.9319066908
2025-05-30,1071023.8536181464,1879482.7710695863
2025-06-02,1071023.8536181464,1882165.8150478583
2025-06-03,1071023.8536181464,1872010.9459694088
2025-06-04,1071023.8536181464,1879969.1190750082
2025-06-05,1071023.8536181464,1890408.455854742
2025-06-06,1071023.8536181464,1909415.9533576001
2025-06-09,1071023.8536181464,1923053.4991660363
2025-06-10,1071023.8536181464,1923828.1786106206
2025-06-11,1071023.8536181464,1923655.1153514918
2025-06-12,1071023.8536181464,1899636.027842417
2025-06-13,1071023.8536181464,1888075.7241107626
2025-06-16,1071023.8536181464,1903642.080065825
2025-06-17,1071023.8536181464,1894282.4970339774
2025-06-18,1071023.8536181464,1889641.8258640706
2025-06-19,1071023.8536181464,1876313.5400749708
2025-06-20,1071023.8536181464,1899195.0787570644
2025-06-23,1071023.8536181464,1895931.0251953541
2025-06-24,1071023.8536181464,1905137.9905810119
2025-06-25,1071023.8536181464,1920275.6326206694
2025-06-26,1071023.8536181464,1938467.2374749086
2025-06-27,1071023.8536181464,1946924.1547449557
2025-06-30,1071023.8536181464,1946680.9002477056
2025-07-01,1071023.8536181464,1946536.6540335852
2025-07-02,1071023.8536181464,1940915.2373989217
2025-07-03,1071023.8536181464,1938821.5744361577
2025-07-04,1071023.8536181464,1942168.054405937
2025-07-07,1071023.8536181464,1941240.7573151623
2025-07-08,1071023.8536181464,1943000.6899186948
2025-07-09,1071023.8536181464,1941755.9223655928
2025-07-10,1071023.8536181464,1934663.2265447162
2025-07-11,1071023.8536181464,1919109.2667486798
2025-07-14,1071023.8536181464,1921281.3313925562
2025-07-15,1071023.8536181464,1932829.2389651847
2025-07-16,1071023.8536181464,1934753.8633957764
2025-07-17,1071023.8536181464,1930401.6846541103
2025-07-18,1071023.8536181464,1918487.043961207
2025-07-21,1071023.8536181464,1927001.5953212709
2025-07-22,1071023.8536181464,1922258.0521303562
2025-07-23,1071023.8536181464,1931118.8909977563
2025-07-24,1071023.8536181464,1920625.944854962
2025-07-25,1071023.8536181464,1897027.3608183009
2025-07-28,1071023.8536181464,1883191.959432684
2025-07-29,1071023.8536181464,1896413.1874847412
2025-07-30,1071023.8536181464,1898572.8559695915
2025-07-31,1071023.8536181464,1888796.955181365
2025-08-01,1071023.8536181464,1868907.5595078014
2025-08-04,1071023.8536181464,1884300.691214657
2025-08-05,1071023.8536181464,1879198.46435738
2025-08-06,1071023.8536181464,1868346.9955373022
2025-08-07,1071023.8536181464,1870593.115157178
2025-08-08,1071023.8536181464,1849908.2724479346
2025-08-11,1071023.8536181464,1865593.9213099873
2025-08-12,1071023.8536181464,1860248.6009445388
2025-08-13,1071023.8536181464,1870922.8207894533
2025-08-14,1071023.8536181464,1869451.5416032402
2025-08-18,1071023.8536181464,1890161.1766305354
2025-08-19,1071023.8536181464,1901296.9521628197
2025-08-20,1071023.8536181464,1907606.7580961206
2025-08-21,1071023.8536181464,1907112.1996477074
2025-08-22,1071023.8536181464,1895090.3402286833
2025-08-25,1071023.8536181464,1900093.5588028303
2025-08-26,1071023.8536181464,1876738.068274341
2025-08-28,1071023.8536181464,1858027.273642715
2025-08-29,1071023.8536181464,1851540.2187342506
2025-09-01,1071023.8536181464,1872196.4053875639
2025-09-02,1071023.8536181464,1873090.699717295
2025-09-03,1071023.8536181464,1884651.0034489494
2025-09-04,1071023.8536181464,1880941.8150858518
2025-09-05,1071023.8536181464,1881724.8659625056
2025-09-08,1071023.8536181464,1885804.973161913
2025-09-09,1071023.8536181464,1891611.8492147312
2025-09-10,1071023.8536181464,1901919.3359393708
2025-09-11,1071023.8536181464,1904268.4885693325
2025-09-12,1071023.8536181464,1911489.009718347
2025-09-15,1071023.8536181464,1913599.0935670936
2025-09-16,1071023.8536181464,1926247.5224787036
2025-09-17,1071023.8536181464,1932503.5580598658
2025-09-18,1071023.8536181464,1938578.4809279859
2025-09-19,1071023.8536181464,1935920.229267766
2025-09-22,1071023.8536181464,1927248.8745454773
2025-09-23,1071023.8536181464,1922616.57480764
2025-09-24,1071023.8536181464,1910499.892821521
2025-09-25,1071023.8536181464,1897653.7693218084
2025-09-26,1071023.8536181464,1872163.4026265205
2025-09-29,1071023.8536181464,1874302.3035202755
2025-09-30,1071023.8536181464,1873890.1714799313
2025-10-01,1071023.8536181464,1889897.4765203465
2025-10-03,1071023.8536181464,1898090.5326911262
2025-10-06,1071023.8536181464,1909791.0579099446
2025-10-07,1071023.8536181464,1913075.7180736721
2025-10-08,1071023.8536181464,1904820.6811077625
2025-10-09,1071023.8536181464,1915733.9697338922
2025-10-10,1071023.8536181464,1923630.484022518
2025-10-13,1071023.8536181464,1920106.7550775753
2025-10-14,1071023.8536181464,1910978.0303839515
2025-10-15,1071023.8536181464,1926910.958470211
2025-10-16,1071023.8536181464,1942279.4588480925
2025-10-17,1071023.8536181464,1945102.56332445
2025-10-20,1071023.8536181464,1954832.9042035292
2025-10-21,1071023.8536181464,1958385.4501934806
2025-10-23,1071023.8536181464,1958113.5396403004
2025-10-24,1071023.8536181464,1952401.3251654985
2025-10-27,1071023.8536181464,1965119.7843261515
2025-10-28,1071023.8536181464,1962783.0278552156
2025-10-29,1071023.8536181464,1974310.3288258268
2025-10-30,1071023.8536181464,1965152.7870871946
2025-10-31,1071023.8536181464,1954363.1380731682
2025-11-03,1071023.8536181464,1962630.4102090257
2025-11-04,1071023.8536181464,1951482.2385177154
2025-11-06,1071023.8536181464,1938104.5290815902
2025-11-07,1071023.8536181464,1938792.7573911494
2025-11-10,1071023.8536181464,1945007.7407573552
2025-11-11,1071023.8536181464,1952075.805249258
2025-11-12,1071023.8536181464,1964790.078693876
2025-11-13,1071023.8536181464,1963067.3345674218
2025-11-14,1071023.8536181464,1964744.679773807
2025-11-17,1071023.8536181464,1974487.5778009905
2025-11-18,1071023.8536181464,1963780.355195033
2025-11-19,1071023.8536181464,1970510.5036116692
2025-11-20,1071023.8536181464,1976210.1609383665
2025-11-21,1071023.8536181464,1960944.8545596492
2025-11-24,1071023.8536181464,1951408.183541716
2025-11-25,1071023.8536181464,1949800.8685843737
2025-11-26,1071023.8536181464,1974541.0261749725
2025-11-27,1071023.8536181464,1973927.013830491
2025-11-28,1071023.8536181464,1972727.645197458
2025-12-01,1071023.8536181464,1971841.561310718
2025-12-02,1071023.8536181464,1963582.499617852
2025-12-03,1071023.8536181464,1954849.4860785902
2025-12-04,1071023.8536181464,1956893.5644052504
2025-12-05,1071023.8536181464,1964654.0429227469
2025-12-08,1071023.8536181464,1939180.0971134414
2025-12-09,1071023.8536181464,1938360.018748788
2025-12-10,1071023.8536181464,1929503.3655974227
2025-12-11,1071023.8536181464,1941211.940270154
2025-12-12,1071023.8536181464,1955665.3787272088
2025-12-15,1071023.8536181464,1955582.95231914
2025-12-16,1071023.8536181464,1942802.834341514
2025-12-17,1071023.8536181464,1936695.0697014288
2025-12-18,1071023.8536181464,1936319.965149084
2025-12-19,1071023.8536181464,1951655.4627659225
2025-12-22,1071023.8536181464,1967324.6907419928
2025-12-23,1071023.8536181464,1969591.416963886
2025-12-24,1071023.8536181464,1965890.4390437794
2025-12-26,1071023.8536181464,1960120.590478961
2025-12-29,1071023.8536181464,1952030.406329189
2025-12-30,1071023.8536181464,1950934.2316953202
2025-12-31,1071023.8536181464,1967646.185931277
2026-01-02,1071023.8536181464,1986394.0080509027
2026-01-05,1071023.8536181464,1983051.55280808
2026-01-06,1071023.8536181464,1979099.2709368106
2026-01-07,1071023.8536181464,1979602.0398282148
2026-01-08,1071023.8536181464,1951865.5535130512
2026-01-09,1071023.8536181464,1934329.335196406
2026-01-12,1071023.8536181464,1937881.8811863572
2026-01-13,1071023.8536181464,1935425.6708193528
2026-01-14,1071023.8536181464,1935029.9596649911
2026-01-16,1071023.8536181464,1935808.9858146887
2026-01-19,1071023.8536181464,1926614.2555989786
2026-01-20,1071023.8536181464,1891409.968910594
2026-01-21,1071023.8536181464,1882219.4244109187
2026-01-22,1071023.8536181464,1896528.616653853
2026-01-23,1071023.8536181464,1871590.4424969952
2026-01-27,1071023.8536181464,1880908.8123248084
2026-01-28,1071023.8536181464,1902574.5614878866
2026-01-29,1071023.8536181464,1906918.5297865614
2026-01-30,1071023.8536181464,1902360.2850247233
2026-02-02,1071023.8536181464,1882371.8810680304
2026-02-03,1071023.8536181464,1932594.355900004
2026-02-04,1071023.8536181464,1939901.3281840438
2026-02-05,1071023.8536181464,1929742.2733895597
2026-02-06,1071023.8536181464,1931580.446685126
2026-02-09,1071023.8536181464,1952137.6250553096
2026-02-10,1071023.8536181464,1957936.2906651367
2026-02-11,1071023.8536181464,1960351.448817185
2026-02-12,1071023.8536181464,1949512.376156133
2026-02-13,1071023.8536181464,1921619.2474678229
2026-02-16,1071023.8536181464,1934749.6776797415
2026-02-17,1071023.8536181464,1940321.8316564576
2026-02-18,1071023.8536181464,1949038.424309737
2026-02-19,1071023.8536181464,1920325.056267695
2026-02-20,1071023.8536181464,1928365.8167704414
2026-02-23,1071023.8536181464,1935780.007780602
2026-02-24,1071023.8536181464,1920914.437283203
2026-02-25,1071023.8536181464,1929091.2335570785
2026-02-26,1071023.8536181464,1932775.6296021242
2026-02-27,1071023.8536181464,1909560.1995717206
2026-03-02,1071023.8536181464,1882285.2689439268
2026-03-04,1071023.8536181464,1847159.3839366545
2026-03-05,1071023.8536181464,1870898.1894604797
2026-03-06,1071023.8536181464,1853052.8721135764
2026-03-09,1071023.8536181464,1818042.2552863378
2026-03-10,1071023.8536181464,1841649.04976599
2026-03-11,1071023.8536181464,1816867.678971357
2026-03-12,1071023.8536181464,1804932.270687358
2026-03-13,1071023.8536181464,1763199.7158864746
2026-03-16,1071023.8536181464,1772068.9261859441
2026-03-17,1071023.8536181464,1786122.6287616808
2026-03-18,1071023.8536181464,1806572.5884057435
2026-03-19,1071023.8536181464,1749566.5167831515
2026-03-20,1071023.8536181464,1757982.220849164
2026-03-23,1071023.8536181464,1703279.9029364649
2026-03-24,1071023.8536181464,1736477.1387861888
2026-03-25,1071023.8536181464,1770370.8133884633
2026-03-27,1071023.8536181464,1732615.4937659795
2026-03-30,1071023.8536181464,1692053.4905531206
2026-04-01,1071023.8536181464,1725609.2490801285
2026-04-02,1071023.8536181464,1725872.9491903174
2026-04-06,1071023.8536181464,1746949.478326966
2026-04-07,1071023.8536181464,1755389.8137219523
2026-04-08,1071023.8536181464,1824681.6058628357
2026-04-09,1071023.8536181464,1816471.9678169952
2026-04-10,1071023.8536181464,1841962.334512283
2026-04-13,1071023.8536181464,1828139.4902747704
2026-04-15,1071023.8536181464,1862470.089235441
2026-04-16,1071023.8536181464,1867477.4935256229
2026-04-17,1071023.8536181464,1885042.5288872763
2026-04-20,1071023.8536181464,1884745.8260160442
2026-04-21,1071023.8536181464,1899298.1117671505
