,equity,benchmark,exposure
2021-04-22,1007341.8785255025,999999.9999999999,0.9404373020926867
2021-04-23,1003757.1480302443,997819.8054076714,0.5589452987045327
2021-04-26,1006356.6584994552,1006989.7433053295,0.5888716772373949
2021-04-27,1010155.1398706547,1018999.2065653277,0.5660017834986395
2021-04-28,1013524.2590353716,1031808.3025770406,0.5624341000534484
2021-04-29,1018139.7955072924,1033032.3025390472,0.5742395529226031
2021-04-30,1015816.0683961392,1019147.5580009439,0.5732656058425056
2021-05-03,1024827.3188276495,1021694.5662080866,0.5770178579759587
2021-05-04,1024239.9642673279,1013880.5588220686,0.5721999285624704
2021-05-05,1030999.4657235683,1023157.6349513084,0.5944033495795666
2021-05-06,1038997.0323182149,1030485.3748264436,0.6071500522267855
2021-05-07,1047702.5102550361,1035529.8066046252,0.5908805996123526
2021-05-10,1052087.3225517762,1044333.0113820082,0.5918150298753113
2021-05-11,1049621.640246917,1042053.8890010893,0.5915937567647662
2021-05-12,1043528.8690463098,1033456.8307384173,0.5892092268578878
2021-05-14,1032422.5736263979,1028033.1891863957,0.5703324409715417
2021-05-17,1042296.6587797054,1044514.2850841284,0.5839970478236213
2021-05-18,1050858.8650187384,1058279.4952316242,0.5969025896846958
2021-05-19,1051295.3976094846,1055798.492546568,0.6065820434138637
2021-05-20,1045438.5871640602,1049818.4727400816,0.5943497775219284
2021-05-21,1049700.6530567869,1064770.574867045,0.5865268752693089
2021-05-24,1047075.3077576424,1068446.8409636386,0.5705089147655958
2021-05-25,1047564.2747132187,1068492.1593891687,0.5757607336348766
2021-05-26,1049787.9186574968,1073371.8188457517,0.5741254381826183
2021-05-27,1053066.1685090102,1077002.605527737,0.575451207883318
2021-05-28,1049205.1791455436,1081189.8509587261,0.5738889030041427
2021-05-31,1055949.8483805323,1090199.0412617421,0.5766106027240707
2021-06-01,1065274.9467697581,1088884.4044486755,0.5803168269233021
2021-06-02,1079428.4771416627,1094147.2984060552,0.5766873668804636
2021-06-03,1088511.4842159546,1102905.104263369,0.5802196692006649
2021-06-04,1095606.5715190533,1104009.6503293072,0.5920655073258876
2021-06-07,1094568.1741582826,1111077.71482121,0.6008145301145358
2021-06-08,1091908.0968678857,1112470.6728208498,0.5998420451534437
2021-06-09,1086798.7662803424,1104215.7163494793,0.597960795982041
2021-06-10,1095252.5281883804,1114172.810345287,0.60106395586617
2021-06-11,1097881.9144129804,1118017.9539849747,0.6111278405097653
2021-06-14,1090929.9273278709,1117218.4822223382,0.6086497397969574
2021-06-15,1087537.989945126,1121640.6107185078,0.5967217828201213
2021-06-16,1076789.6320778914,1113628.747755309,0.5926963181711489
2021-06-17,1068924.6980692144,1106585.4755814583,0.5772131216201476
2021-06-18,1066821.2722736397,1103403.7679332776,0.594772225692777
2021-06-21,1077323.2287993226,1109136.5085155575,0.6241738225509339
2021-06-22,1084714.6394566828,1112021.4327979668,0.6267347593284658
2021-06-23,1082747.7283982167,1106437.043651303,0.6260566886104567
2021-06-24,1083184.2548284323,1110138.0215714094,0.6260158545853918
2021-06-25,1090132.432581884,1116002.692703323,0.6192705171151317
2021-06-28,1090284.3139058861,1115479.2367153622,0.6090016063470969
2021-06-29,1091311.0877867488,1111267.2794608604,0.5636710071246515
2021-06-30,1093002.2904781303,1110574.8654352664,0.5643461390740602
2021-07-01,1098945.1552618146,1108971.6556994198,0.5667020637310607
2021-07-02,1104591.3558794078,1112297.6095617209,0.5689168982599946
2021-07-05,1113335.7671493895,1119823.1245194979,0.5636949555645244
2021-07-06,1117877.06510321,1118867.010383715,0.5654674145113886
2021-07-07,1116852.0360675848,1123552.9194846128,0.5600474913155411
2021-07-08,1108833.9978683065,1115450.4196703539,0.5568661710933239
2021-07-09,1105442.088273469,1115058.8942320268,0.5555064708412617
2021-07-12,1100927.936383204,1116793.954022968,0.5893975512643789
2021-07-13,1100454.389483992,1123375.670509449,0.560305514097538
2021-07-14,1097474.6338857461,1126033.922169669,0.559111698709526
2021-07-15,1092200.0850379337,1130917.6868477475,0.5569825220930412
2021-07-16,1091956.0621008873,1132731.067825262,0.5967082716881231
2021-07-19,1089293.2528188974,1122633.8328368296,0.5912236699123999
2021-07-20,1074995.1119008674,1112392.3516342766,0.5755815919296757
2021-07-22,1077064.7274395404,1126784.050779819,0.5736381766147558
2021-07-23,1075995.5498582355,1128168.7983364675,0.5724194784649508
2021-07-26,1086717.9321647924,1127187.8918826329,0.5819336457777902
2021-07-27,1091870.371710762,1121846.6767386799,0.5597332347600245
2021-07-28,1094916.057354215,1119279.142424059,0.5977549928517277
2021-07-29,1104966.3205252574,1124603.8561874903,0.5802410900638975
2021-07-30,1101572.4783284103,1126293.5975529016,0.5789478519619384
2021-08-02,1102355.0922561586,1136139.367601093,0.5685966860995196
2021-08-03,1105540.1949456492,1148956.674055797,0.5698395751972128
2021-08-04,1100943.7537210486,1151441.7819623488,0.5680436550123055
2021-08-05,1096071.2932353816,1152447.4002396965,0.5661234421251738
2021-08-06,1095645.08778483,1150230.1781593682,0.5551579026832505
2021-08-09,1097449.7174015637,1148614.5722644955,0.5593808743909277
2021-08-10,1087700.0731246711,1145127.9513020916,0.5499378371293859
2021-08-11,1087723.1703330847,1143792.6273924687,0.551500532600573
2021-08-12,1105644.4828761886,1151656.1389200513,0.5996746994202394
2021-08-13,1110954.9492218415,1159350.6119154617,0.6015882909997461
2021-08-16,1116342.5693513835,1159803.9571598403,0.5990295024000716
2021-08-17,1118501.0718778137,1163290.5781222442,0.5998033021342466
2021-08-18,1118134.5444130707,1161844.0107595439,0.5969950052967652
2021-08-20,1100336.5769581024,1149348.199494124,0.5904763909653696
2021-08-23,1098761.2204391381,1148243.653428186,0.5801708423066427
2021-08-24,1105019.3420847917,1159181.6538778283,0.5880138949956263
2021-08-25,1104682.8070391917,1161683.2631649019,0.5878883858795698
2021-08-26,1105496.5959932697,1162783.7040093443,0.5881917535069636
2021-08-27,1112775.9826949262,1169835.2671207255,0.5908856573292711
2021-08-30,1120173.7328842368,1186765.6835358804,0.5935874933187202
2021-08-31,1129301.667907943,1199788.9755162175,0.6057274797753113
2021-09-01,1123509.1392538305,1199413.8709638729,0.6125953946497681
2021-09-02,1130493.6107605926,1210376.5832370282,0.6149888769321107
2021-09-03,1133160.3193275928,1216554.4586206954,0.6158949380099331
2021-09-06,1139411.354124571,1220391.3918173919,0.6180022139287693
2021-09-07,1142048.3071192533,1218611.0136009208,0.6188842345925744
2021-09-08,1150426.7238360208,1220205.932399237,0.6216598539638506
2021-09-09,1156432.763946103,1222913.6882010219,0.6236247983715077
2021-09-13,1166426.5680588107,1224211.904128106,0.6268495363369812
2021-09-14,1170079.3493658565,1228510.3930121723,0.6239814145035395
2021-09-15,1176727.722913208,1238088.357728679,0.6261058753864177
2021-09-16,1171048.9573855372,1245041.073546009,0.6328321039394331
2021-09-17,1172352.8791933684,1238640.630761648,0.6417703327038123
2021-09-20,1160132.4067200646,1222114.1359438463,0.6466165590303239
2021-09-21,1170085.8851927416,1231968.196929568,0.5839743170728872
2021-09-22,1174738.8818647608,1235615.565486614,0.5856221437925251
2021-09-23,1186631.6302092155,1253329.0327784226,0.5897751525594678
2021-09-24,1187168.289761851,1252216.2762694934,0.5899605947457237
2021-09-27,1186680.9449393665,1251977.2074882782,0.5885039098019333
2021-09-28,1191594.0554058915,1244274.4435553374,0.5611333954544697
2021-09-29,1195040.357998059,1243561.5034222654,0.56239901557076
2021-09-30,1201675.151760893,1240734.293724412,0.5648151363317215
2021-10-01,1207016.3672391442,1237544.3756332404,0.5545253509185757
2021-10-04,1222332.7546026679,1251326.0871612579,0.5601073516137783
2021-10-05,1226652.943613637,1259482.0353494987,0.5616566238797915
2021-10-06,1213287.0383206615,1247484.9682485266,0.5568277121169698
2021-10-07,1219475.5479361955,1260310.485146222,0.5988011122542548
2021-10-08,1219661.873120837,1266496.5709728803,0.6070613962549821
2021-10-11,1228740.4325726891,1271672.9333006954,0.6099646265715413
2021-10-12,1236188.8062541923,1276115.7488934214,0.6204040749349381
2021-10-13,1249132.8280633916,1288438.4968997124,0.6129909092603157
2021-10-14,1253956.64244036,1299800.945054186,0.6144796848309722
2021-10-18,1258873.8629890434,1309436.6243552486,0.6341955975142906
2021-10-19,1237941.8053003517,1298861.2518043856,0.6280102996086669
2021-10-20,1229598.061794303,1283266.239793393,0.6060303405997269
2021-10-21,1222335.7408450241,1276589.7007398172,0.5892254624805383
2021-10-22,1217541.5857648805,1269340.2820512552,0.5931909685460782
2021-10-25,1201426.3174618988,1263953.6679872333,0.5801592686790584
2021-10-26,1212085.7379035687,1277578.8176366433,0.5779334516843135
2021-10-27,1215789.5397524834,1276317.6291975586,0.5792192423667494
2021-10-28,1200110.9240482643,1252125.558923894,0.569482151949421
2021-10-29,1196915.4989137333,1243557.39820077,0.5673771608234824
2021-11-01,1206744.887490911,1261344.9204685779,0.5593692958233359
2021-11-02,1214277.3089358648,1262329.9321439085,0.578573324420297
2021-11-03,1214630.8990987702,1259700.497528697,0.5657309103469695
2021-11-04,1223874.2098519304,1267460.9760461934,0.5666712252060697
2021-11-08,1238316.5245940238,1279268.5590020544,0.5663565185846662
2021-11-09,1239725.923399414,1281065.4385990473,0.5709608033833039
2021-11-10,1243372.665292358,1279346.7996940885,0.5775880378058138
2021-11-11,1244533.6873984197,1270279.8948065164,0.5658306061105869
2021-11-12,1258451.710164377,1284119.3209190897,0.5685970214543392
2021-11-15,1266458.7251419686,1285240.2878710104,0.5713245087715477
2021-11-16,1276575.1328269346,1279701.2976444159,0.574721610847488
2021-11-17,1288178.2719864128,1273894.3410970583,0.5785522641337337
2021-11-18,1275106.539130508,1261332.524309552,0.5815279637403062
2021-11-22,1257967.5512027936,1234473.9919326762,0.575826555011056
2021-11-23,1279700.4327757736,1245280.061832685,0.5791945422098976
2021-11-24,1287335.529208384,1240227.339116973,0.5816903097675381
2021-11-25,1300205.5708311098,1248807.8959991236,0.5904738433827642
2021-11-26,1281417.4816181008,1212260.0749581247,0.584469388101048
2021-11-29,1261769.2175350767,1208076.9347486312,0.5649653138635903
2021-11-30,1263386.9328604443,1207409.23254655,0.5253661457158638
2021-12-01,1254783.9943801102,1218648.1215834594,0.5098096642144226
2021-12-02,1265073.789161175,1234247.319310487,0.5187484103766796
2021-12-03,1263835.9440498315,1224549.8202033725,0.5144995659206176
2021-12-06,1255360.8714018604,1204936.440304485,0.5112219016702976
2021-12-07,1259362.3857046505,1222752.9406063796,0.498740557225218
2021-12-08,1269409.6381310527,1242432.2455328146,0.5024519777238996
2021-12-09,1278780.3579935073,1246829.6622054714,0.5295577921964142
2021-12-10,1290366.7859904342,1249170.604392442,0.5217822312207449
2021-12-13,1295898.970322079,1241690.407860195,0.5208192317633371
2021-12-14,1304427.8137851572,1239959.4532907496,0.525888642043321
2021-12-15,1310280.391674656,1232528.6804055283,0.5285863637058063
2021-12-16,1315185.2537812325,1231156.3290079054,0.5266045739477146
2021-12-17,1288403.2911546149,1209453.4718622887,0.5167641313664308
2021-12-20,1262281.706266189,1178753.8205726815,0.49920258742752993
2021-12-21,1267421.2109374325,1191999.7604482514,0.5059990205969701
2021-12-22,1278910.8312844564,1206700.3976349737,0.5027136943405843
2021-12-23,1276907.2174023655,1215907.4435151706,0.49977948042400383
2021-12-24,1271312.830223519,1208765.1630581904,0.49757826983697645
2021-12-27,1273124.670329827,1213941.5253860054,0.5018157998523496
2021-12-28,1280760.830693041,1225501.8291176597,0.5002181103836559
2021-12-29,1277901.2532665788,1225135.0959973847,0.49909974149087305
2021-12-30,1273559.0289148872,1223375.2438883916,0.4996732650397312
2021-12-31,1285431.9523922093,1236081.3068900185,0.5054836679386606
2022-01-03,1297417.8272221852,1253258.9220348406,0.5025731229488453
2022-01-04,1300685.3401882884,1262667.848219175,0.521229653603303
2022-01-05,1294758.445106185,1269068.2910035357,0.5054569642952187
2022-01-06,1293084.739165599,1260306.299430187,0.5125502970873018
2022-01-07,1298690.085387689,1265124.1390807184,0.5146542050029959
2022-01-10,1301078.5884142602,1277240.8210668375,0.523373382683696
2022-01-11,1300236.73282624,1280125.7453492468,0.5384465987558282
2022-01-12,1304117.2619175878,1291447.060794225,0.5299615784252177
2022-01-13,1308632.5208727699,1295827.9760863602,0.5255821209762245
2022-01-14,1316198.7329578986,1296598.7112985274,0.5484873286563494
2022-01-17,1318582.6153968938,1300790.0619510121,0.5493036242116158
2022-01-18,1298072.4502239246,1283632.972913668,0.5465358096228865
2022-01-19,1287875.6059656115,1275340.9084597586,0.5435876538645624
2022-01-20,1299370.4589633723,1266158.5744030746,0.5393661258794368
2022-01-21,1289111.8821104956,1251297.1896217102,0.5264740734957268
2022-01-24,1259420.921548571,1212659.8108394428,0.51289848364194
2022-01-25,1267193.2067178637,1222563.3759667294,0.5221603053609505
2022-01-27,1266238.1135506788,1209993.3487362317,0.5194406152991067
2022-01-28,1270427.8621085212,1213583.0027087217,0.5145279984960223
2022-01-31,1279637.5869037122,1229919.932886873,0.4990318246482828
2022-02-01,1283700.291867877,1245972.475858279,0.5009050605267802
2022-02-02,1289850.8546757544,1260574.1852564109,0.49949527865049165
2022-02-03,1293453.9634781415,1247596.292196143,0.5025313779932374
2022-02-04,1294776.1038733113,1243437.8638101623,0.5067621501926325
2022-02-07,1281403.6719899015,1225728.501739849,0.5017747831933297
2022-02-08,1269056.3629698884,1224611.6400094242,0.5039385513713784
2022-02-09,1271825.7188974514,1237742.1507158822,0.5046086441633927
2022-02-10,1270884.0213219123,1245642.7702260036,0.5071259277578962
2022-02-11,1260669.6917494736,1227434.7444857818,0.5077552731483633
2022-02-14,1235505.7653466344,1186971.7495560525,0.5068269921902199
2022-02-15,1248892.6317355628,1220366.679993879,0.5139700157514304
2022-02-16,1257245.4697988422,1219076.7550043252,0.49886087419646935
2022-02-17,1256614.8844214072,1217605.3953235731,0.4986041336574068
2022-02-18,1248251.3268388459,1212548.5673863655,0.49921668208334097
2022-02-21,1229661.4154992348,1203184.8791330222,0.5030855349788026
2022-02-22,1215226.7017342087,1194278.8023346313,0.5216917216722791
2022-02-23,1222193.552435834,1195754.267236879,0.5033488109930361
2022-02-24,1189884.800973616,1135480.0368310811,0.5053408470501171
2022-02-25,1197017.8054922554,1169414.92463739,0.5069528699725251
2022-02-28,1208463.9688706992,1179351.4120311807,0.5113861827180957
2022-03-02,1210159.2312808342,1170436.9638007202,0.5040047636942411
2022-03-03,1214158.2626551702,1165174.0698433407,0.4980037339669084
2022-03-04,1201893.2963866652,1145160.9540631347,0.506291954505939
2022-03-07,1186001.7380847798,1118050.9567460178,0.5169088520448062
2022-03-08,1191536.601792135,1129796.7198958271,0.5128125515941893
2022-03-09,1210846.7628887075,1152286.6526450545,0.5052722275632182
2022-03-10,1223069.1703262536,1169546.7746924846,0.4999177439701578
2022-03-11,1227874.2514108252,1173515.6384388148,0.5022714284060448
2022-03-14,1232919.0095334542,1184845.083832245,0.5003245069606836
2022-03-15,1220946.5530435012,1171759.8915513172,0.494246443548976
2022-03-16,1225242.0849809074,1193681.2108761324,0.5040882857884208
2022-03-17,1228427.7443494508,1213455.2578751228,0.5005051389215172
2022-03-21,1225256.8368626623,1203617.6177753836,0.49882211091939177
2022-03-22,1225714.7758260462,1213648.9277362688,0.5072781108900333
2022-03-23,1225641.7358580334,1211266.852839803,0.4991530931676849
2022-03-24,1229636.0283448857,1211612.9793580608,0.5090870204030385
2022-03-25,1229479.085864858,1207685.409310304,0.500894233396354
2022-03-28,1224977.7449632348,1209675.9587684432,0.4988245283017213
2022-03-29,1225411.221134453,1216768.8155783978,0.5071623396815791
2022-03-30,1236091.4519034931,1227896.380667691,0.5100667938817735
2022-03-31,1242796.3529819865,1227698.52509051,0.5032425058051608
2022-04-01,1249771.0953037674,1243590.320467274,0.5147951103703338
2022-04-04,1256215.859873371,1268062.672726188,0.5105878122369603
2022-04-05,1273889.814140698,1268581.942998114,0.5280490649626384
2022-04-06,1280999.3515312015,1263422.0820508203,0.5306683893324129
2022-04-07,1277943.8078725664,1252982.8257656258,0.5373712949848044
2022-04-08,1286197.0546666477,1264617.2649678185,0.5402752337747774
2022-04-11,1284700.9992450224,1263224.2264736395,0.5397398767310991
2022-04-12,1283255.169970797,1249970.1566496175,0.5396155241024633
2022-04-13,1282272.1310543036,1247814.6738808018,0.5353794778981518
2022-04-18,1282845.617443458,1230299.062166174,0.5274891731550014
2022-04-19,1275488.5062316728,1213863.2846939713,0.524598073442446
2022-04-20,1271563.0401236382,1224055.2617549596,0.5231304512392915
2022-04-21,1279949.719147257,1240841.4319559939,0.5264995278082201
2022-04-22,1273190.4388003442,1227727.3421355183,0.539694315525829
2022-04-25,1258187.2052989379,1209441.0757032626,0.5166688980985319
2022-04-26,1274477.6004371434,1228015.8345637594,0.5038212925696471
2022-04-27,1264084.540915888,1216282.4675729761,0.5108559264437903
2022-04-28,1262697.3609327485,1229297.6296048611,0.5027916387472215
2022-04-29,1259543.0317025583,1218536.797635843,0.506509159870413
2022-05-02,1254237.2100960515,1214658.6512351122,0.5074148797189815
2022-05-04,1237688.786200006,1186390.5789835358,0.49980917830516747
2022-05-05,1242492.541347418,1186567.8279586995,0.27198383127395914
2022-05-06,1236783.611658454,1165981.8325435075,0.1993865087589475
2022-05-09,1231186.8347051917,1153288.1657009064,0.174936178040371
2022-05-10,1225287.9965374698,1142094.6755840662,0.14435451925231782
2022-05-11,1222861.9429049823,1135158.5416417972,0.0961383377811931
2022-05-12,1219725.3107532954,1109890.742347203,0.10201254436397067
2022-05-13,1221214.663530611,1110405.9073976332,0.05704674987838054
2022-05-16,1222457.8238764126,1118623.836381004,0.06556366191268408
2022-05-17,1224836.4347707229,1147872.7345918762,0.0755426763401099
2022-05-18,1224989.7077357436,1147225.7194863514,0.07565834614054792
2022-05-19,1223814.798974777,1116950.5963961144,0.07477094299085932
2022-05-20,1226089.65906627,1145317.515941742,0.07648759286366129
2022-05-23,1225798.5461026758,1140433.7512636636,0.08442621670783362
2022-05-24,1224462.0586470773,1133134.989422615,0.1059171557634773
2022-05-25,1223830.6521380006,1119987.9773356356,0.09780602871465327
2022-05-26,1223999.8056502086,1131099.0410444068,0.09793070951789476
2022-05-27,1224775.9340273659,1143512.425901758,0.09850234189166547
2022-05-30,1226099.3728230353,1166727.7754376226,0.09947540900301942
2022-05-31,1227267.309632708,1163826.3497746917,0.11662876724258754
2022-06-01,1227236.9062782254,1160801.3649941967,0.12223546249302762
2022-06-02,1228009.18298175,1167811.7149015435,0.11488356503401463
2022-06-03,1226490.1255097021,1160389.2329538525,0.1138434462918626
2022-06-06,1227331.4481891007,1158427.4200461828,0.10664297730950657
2022-06-07,1227838.8240961924,1148659.8906900256,0.10701213637244612
2022-06-08,1227021.9601796595,1144645.7890127045,0.09831622808179079
2022-06-09,1228496.1237297787,1152080.5866248824,0.09939822526893692
2022-06-10,1228009.2738636478,1135978.6200064507,0.10718443857370441
2022-06-13,1224346.463075762,1105905.4577148904,0.11268107349933569
2022-06-14,1224697.5819567344,1103548.014147398,0.10236196532906063
2022-06-15,1224288.9095391727,1102933.9213083775,0.0941489453428059
2022-06-16,1221436.1889316917,1078894.3076918246,0.09203328838557337
2022-06-17,1221100.505294969,1071109.1978453542,0.0917836860256888
2022-06-20,1219554.616499493,1067482.4358903256,0.08032628544862604
2022-06-21,1221657.3463760808,1091480.8363028439,0.08046427204620367
2022-06-22,1219830.4567135877,1075477.7169784636,0.07908712138854783
2022-06-23,1222051.2965088983,1086279.6816569767,0.07293985327124632
2022-06-24,1223581.845963923,1098124.3725953766,0.07409949077897121
2022-06-27,1224813.9998706032,1108184.4996012703,0.0750309399049237
2022-06-28,1225573.5977730467,1109808.3159391342,0.07560422620870001
2022-06-29,1225911.0179275435,1105983.6984069245,0.07585865720756342
2022-06-30,1224740.3080814183,1103486.1943413466,0.07497528514731562
2022-07-01,1224941.219218403,1104054.968754837,0.07512700489050345
2022-07-04,1225470.9812006648,1110500.729964728,0.07150707948252616
2022-07-05,1225101.4641581164,1109610.4603619534,0.07938961519447178
2022-07-06,1227089.4700055944,1123577.6313081256,0.08088109472630577
2022-07-07,1227918.7134354543,1134647.4818128624,0.1059333827783318
2022-07-08,1225672.6546016813,1139811.4479816516,0.5031386267166278
2022-07-11,1232479.3361198003,1144641.60329667,0.5072206414417373
2022-07-12,1224998.461744912,1135751.9473842615,0.5042113148253909
2022-07-13,1221950.257396127,1131461.7494377254,0.5029745498940197
2022-07-14,1218855.0250670083,1129458.8038205605,0.5117512478667345
2022-07-15,1230168.6607608912,1136675.1392535402,0.5093089566783165
2022-07-18,1240685.3485078253,1152682.3637994162,0.5045828784088927
2022-07-19,1245061.1428107924,1158225.5397420456,0.514355766663024
2022-07-20,1244637.9475853173,1167519.117251807,0.5059945787804808
2022-07-21,1250207.106373095,1176371.6651816764,0.5161938446203512
2022-07-22,1251340.9205615409,1181712.8803256294,0.5246236386997242
2022-07-25,1268205.7575624906,1177006.3646227145,0.5388304381405838
2022-07-26,1261375.1559556257,1165627.4150877192,0.5363331116827089
2022-07-27,1263834.2162350046,1175609.2209070397,0.529639540389072
2022-07-28,1266137.1215510317,1192634.37939475,0.5462911298923163
2022-07-29,1276894.658711619,1208835.2738017724,0.5579450199988706
2022-08-01,1284631.668078244,1223770.8745482143,0.5529506842718044
2022-08-02,1289650.2585534584,1226223.0601882623,0.5779524684563249
2022-08-03,1283843.6339999025,1226342.5945788699,0.5761357118058573
2022-08-04,1283325.6522834664,1227529.5670528766,0.583756884211367
2022-08-05,1280442.1426410715,1228184.8730959317,0.582819519688608
2022-08-08,1287083.8114292629,1235846.3433302988,0.5922004186516172
2022-08-10,1288681.7262323527,1235224.040048287,0.5927060741400638
2022-08-11,1290481.0926964283,1244237.4160673379,0.601023027477821
2022-08-12,1288937.6113310857,1247979.5266969395,0.6005452591848678
2022-08-16,1297404.7337032286,1259515.0381105419,0.6110827743663659
2022-08-17,1299599.3686634204,1267638.144526818,0.6041934252287694
2022-08-18,1300394.7874130134,1269744.1231540688,0.6121255025260841
2022-08-19,1290076.6864142607,1255900.7528090782,0.609023261952386
2022-08-22,1283549.108738952,1236538.7573558928,0.6074252146109972
2022-08-23,1300645.3918435199,1243854.101072002,0.5846830841434729
2022-08-24,1319163.8582734354,1247967.2110324528,0.5980938763305933
2022-08-25,1313963.70318635,1244690.7613117164,0.5965032888825065
2022-08-26,1326577.4678864707,1248556.5115534214,0.6078781335007778
2022-08-29,1323561.5932474383,1234148.3915218965,0.6069846424848565
2022-08-30,1337646.7710041888,1263187.1184911008,0.603603624309519
2022-09-01,1341622.6063010357,1253802.9846248184,0.6196856481220867
2022-09-02,1342735.306093265,1253011.642810634,0.6162411509579034
2022-09-05,1341063.020616233,1260660.7973805144,0.6157626094277369
2022-09-06,1343477.328423111,1262198.0015942748,0.616453106626407
2022-09-07,1351237.1429739576,1262721.4575822353,0.6145376873382196
2022-09-08,1352948.9909781264,1272719.7647820774,0.6079711052385757
2022-09-09,1352736.349218566,1274920.5659764232,0.6079094807290926
2022-09-12,1350016.382657646,1283987.4708639954,0.6145268277579804
2022-09-13,1352297.6917083226,1291607.727894328,0.6113629924752217
2022-09-14,1349169.0532660072,1288380.7823151564,0.6104617676221131
2022-09-15,1349674.208492205,1284230.564372167,0.614008429401057
2022-09-16,1331014.216657871,1256502.449489073,0.6085970675498038
2022-09-19,1332726.0688707852,1260590.6866369324,0.5815343824258741
2022-09-20,1341634.2756476994,1275163.659484595,0.5815086823145743
2022-09-21,1330403.9527492302,1266170.9705621004,0.577976076583735
2022-09-22,1337181.500488929,1264031.9891738063,0.580115118506767
2022-09-23,1318396.7079843273,1241146.4257647563,0.5741325107477346
2022-09-26,1290989.880449746,1213784.963507398,0.5813163669696332
2022-09-27,1295017.4969089357,1213916.8135624926,0.5571769207380757
2022-09-28,1288317.3161006381,1205121.89972264,0.5535136079640872
2022-09-29,1284594.6317128208,1203630.0139344095,0.5489151123474306
2022-09-30,1310229.8523617587,1222328.4124070096,0.5534660174000475
2022-10-03,1295776.4018355478,1206597.3646248877,0.5401489222373145
2022-10-04,1315491.1393257629,1233575.5118869103,0.5288184727261811
2022-10-06,1328089.3714469762,1240767.2159909164,0.5332880923010715
2022-10-07,1338835.230935032,1239419.5764168063,0.5499270374677776
2022-10-10,1329663.7678197538,1232409.2265094595,0.5468226228970049
2022-10-11,1317041.7519487152,1213471.7592556444,0.538526318675986
2022-10-12,1327707.8917259192,1222377.9165485743,0.5460788230720649
2022-10-13,1325148.8333736034,1214164.092786699,0.5300966068342349
2022-10-14,1323878.411103271,1221153.8360920288,0.5296456774055383
2022-10-17,1334170.9274278725,1228658.8249423276,0.5381243862907805
2022-10-18,1346333.491221899,1241055.7084191572,0.5293351324920597
2022-10-19,1345472.7462433567,1242048.9305374788,0.5290340320629244
2022-10-20,1343665.2092657527,1245634.4792884733,0.5284004751349272
2022-10-21,1331511.3421481487,1243079.2606383392,0.5316060370456342
2022-10-24,1342445.390878739,1252776.7597454537,0.53721120202247
2022-10-25,1349445.9315680296,1249426.0940596398,0.5396120183390044
2022-10-27,1364203.27837274,1256527.1613125857,0.5373344418044161
2022-10-28,1355354.8830691418,1256308.6991333875,0.534313943038068
2022-10-31,1363035.5888471275,1271343.22766842,0.5462155134657812
2022-11-01,1354985.8143092152,1280690.4145412417,0.5398054232333298
2022-11-02,1358772.1689402708,1277405.6738829752,0.5484473870116174
2022-11-03,1366141.4220502835,1276346.5267371063,0.550883156430427
2022-11-04,1373840.5828346745,1280150.4571727596,0.5534000589246637
2022-11-07,1377013.3310512179,1287099.0677685938,0.5616911545220021
2022-11-09,1363758.639763369,1283150.810624281,0.5647638034807525
2022-11-10,1354506.7872974575,1272662.0501975215,0.543563472420207
2022-11-11,1357994.2386188384,1289897.3799268997,0.5447408335641137
2022-11-14,1358611.7212859434,1289988.0972724988,0.5445905773652289
2022-11-15,1370851.2413001438,1293590.1474040148,0.5461165468144128
2022-11-16,1376289.7120579677,1291067.8510203848,0.5484589190039937
2022-11-17,1378022.0496428064,1285623.602866346,0.5490265598381232
2022-11-18,1371950.0372080046,1281798.9853341363,0.537795216276364
2022-11-21,1359366.106142593,1273799.5185299634,0.5271888886736642
2022-11-22,1366294.43718955,1278365.9737347928,0.5199527922403041
2022-11-23,1369376.430417737,1280752.2343472934,0.528335806573349
2022-11-24,1370753.3384773121,1292510.3131615894,0.5288095885522887
2022-11-25,1367460.6067317727,1296339.035915295,0.5496134758701282
2022-11-28,1380588.130968066,1301053.8425557401,0.5538960420305868
2022-11-29,1371434.8124815687,1303361.7819816675,0.5571693032643632
2022-11-30,1379771.2112830076,1314382.208839379,0.5592888202487489
2022-12-01,1386932.6413402378,1319146.4391268499,0.5705381730416079
2022-12-02,1386317.017729321,1315812.2748215576,0.5775608186809748
2022-12-05,1385013.3300974898,1316117.2686303202,0.5730708972714947
2022-12-06,1384077.9585372834,1312461.6091357437,0.5727823749823755
2022-12-07,1381969.1878495675,1307445.9944025706,0.5649982151294614
2022-12-08,1395414.7375082034,1311493.098840935,0.5718716173144794
2022-12-09,1382532.3558657817,1303386.4938051803,0.5520630223071743
2022-12-12,1385031.5541532356,1304643.4965282301,0.5363079593718635
2022-12-13,1398451.0705150785,1310949.1167454962,0.5404404980597873
2022-12-14,1397095.6961759487,1315836.9866450704,0.5413230180985451
2022-12-15,1391331.960764686,1301000.2331926797,0.5322367768823081
2022-12-16,1374932.9178513917,1288846.443224022,0.5275596775936376
2022-12-19,1382380.4835043442,1298642.8701197268,0.5293078355221026
2022-12-20,1383064.578196783,1296252.5042857304,0.5235758112955972
2022-12-21,1364324.2948886117,1279878.4661250403,0.5160398449172259
2022-12-22,1347072.9758139162,1271961.4257289362,0.5057074635415801
2022-12-23,1314048.0297801816,1240186.1259129387,0.5049142596202126
2022-12-27,1362566.2138845385,1270877.4862650156,0.5022690116375803
2022-12-28,1358155.54987102,1272068.563960518,0.5007493635673874
2022-12-29,1361974.4443318832,1276387.7399411406,0.5051687917002354
2022-12-30,1367032.7199394037,1273391.491711115,0.5013056019481447
2023-01-02,1366514.7626280126,1279558.741815617,0.500135021224537
2023-01-03,1371869.8445635578,1282373.5553544443,0.5038578505982572
2023-01-04,1364335.3547061305,1268789.6994036078,0.4981440554062469
2023-01-05,1369615.06770111,1268229.2159276477,0.5011438996593609
2023-01-06,1361352.4815847971,1258816.1040272785,0.4981161448754462
2023-01-09,1363974.3996210322,1273496.2151065227,0.4990808978299093
2023-01-10,1356266.1239378767,1263205.310256944,0.5036071315514228
2023-01-11,1358932.702751772,1261235.2869062833,0.5045811832492687
2023-01-12,1358797.347758899,1259442.512530786,0.5045318326889949
2023-01-13,1353040.6534997467,1264923.8686673637,0.5024237964323056
2023-01-16,1354408.9076702383,1261573.283476089,0.5033923129156381
2023-01-17,1357201.140286283,1269049.3747868403,0.5035856467802761
2023-01-18,1355161.1937901636,1274835.6442376412,0.49955971489528955
2023-01-19,1352829.5097229811,1270990.5005979536,0.5020877664537
2023-01-20,1356231.5929337642,1265072.300597519,0.5051152962327643
2023-01-23,1350135.305419401,1269630.4648648177,0.4977127833515936
2023-01-24,1345180.6005046796,1268422.8857887937,0.49818005665768467
2023-01-25,1336249.0865257173,1250569.3579988992,0.4997768709983549
2023-01-27,1314652.7935544478,1226072.2134219331,0.49650571964655826
2023-01-30,1311908.57290158,1224378.3668350263,0.5139840812404389
2023-01-31,1346982.5535176052,1231079.617712115,0.5119556463966923
2023-02-01,1347059.572898034,1223838.4899610833,0.496618461502212
2023-02-02,1354325.1140759517,1223158.4720945153,0.5049603277823276
2023-02-03,1345935.7656077126,1233292.7345709475,0.499286214895909
2023-02-06,1343436.254538489,1230968.3742590377,0.5001481112164314
2023-02-07,1360303.8592666944,1228334.8344223304,0.5095358279456891
2023-02-08,1361160.7529767943,1238728.772281995,0.5026473357469308
2023-02-09,1361010.2053917604,1238877.1237176112,0.5005262783965758
2023-02-10,1355584.464021906,1237702.5474026303,0.5003471873219191
2023-02-13,1358684.1725512021,1228194.6934297057,0.5014870976236906
2023-02-14,1361536.6883473436,1233832.6919394296,0.5101988795212019
2023-02-15,1361120.3963395092,1239664.3603103,0.5029073200270444
2023-02-16,1367761.2601212424,1243299.3327083199,0.5052544463348155
2023-02-17,1361120.4956766237,1236721.7214433346,0.498902954030222
2023-02-20,1356568.2490651433,1231339.2930953475,0.5046790260367968
2023-02-21,1351832.2561810636,1229303.3447171394,0.4991389061580203
2023-02-22,1341449.6998370462,1211824.8409850502,0.5024471050600772
2023-02-23,1343344.3861983032,1208927.5205436149,0.5038729480482017
2023-02-24,1340268.323543259,1205935.458029624,0.498780160834469
2023-02-27,1324240.9224910182,1199197.0991699966,0.4982123651320985
2023-02-28,1340749.4355475758,1196728.412149427,0.5133010331463819
2023-03-01,1350745.7099069024,1208770.8781704686,0.5053777238542115
2023-03-02,1345506.967307621,1202374.6211021424,0.4997621472020235
2023-03-03,1353451.0695576812,1217829.5726150493,0.5026983011135766
2023-03-06,1359037.676279261,1226587.3784723633,0.5038573870693805
2023-03-08,1370835.4880510042,1229962.75598169,0.5118387284904002
2023-03-09,1370083.3504168992,1220236.4398295672,0.49939195716131785
2023-03-10,1362840.1371494913,1210007.2742915011,0.5040308293918158
2023-03-13,1350140.104128043,1191428.4102095086,0.49806316560625974
2023-03-14,1344232.2922495455,1183523.6854778915,0.49947761685749903
2023-03-15,1346495.573111901,1180370.8753692585,0.49902448721155745
2023-03-16,1340153.1284732157,1181199.2446714425,0.5041207653200852
2023-03-17,1352155.6076453412,1188658.8346016724,0.503870999295277
2023-03-20,1347507.7115938514,1180107.0947645304,0.49854740178455204
2023-03-21,1348591.8343127812,1187871.6785035226,0.4989505157144751
2023-03-22,1355596.6253913816,1191885.860675383,0.5015395948636262
2023-03-23,1353201.799057356,1187236.9790624848,0.27301620535840354
2023-03-24,1351878.7642677708,1176966.6808149235,0.2714836406545533
2023-03-27,1348686.8015642506,1175623.1464623092,0.26096022465561863
2023-03-28,1346952.1789899762,1171427.6100937896,0.27121371521871074
2023-03-29,1351314.9133592006,1182456.2473944924,0.26644961185380833
2023-03-31,1367628.9760691028,1199951.252507103,0.2897819743187876
2023-04-03,1374349.5206430987,1203586.3053996621,0.31515205244173017
2023-04-05,1380627.0360205353,1212443.0390455665,0.3184280117285223
2023-04-06,1386464.1193883568,1216547.8580684867,0.5501641077626522
2023-04-10,1382996.2126465775,1219131.8937636293,0.5057552603192081
2023-04-11,1387417.695920533,1225454.0153614169,0.50570684849841
2023-04-12,1387174.15206151,1231578.2813820236,0.501871370090262
2023-04-13,1393371.2746768647,1232625.1128634056,0.5043423624932918
2023-04-17,1389499.5736159598,1228507.8976814593,0.509211778052436
2023-04-18,1379785.419669647,1227906.2010014646,0.4989070862437973
2023-04-19,1386976.0323077706,1224600.93423572,0.5055239844324166
2023-04-20,1393576.688189893,1225000.670117038,0.5055537780325905
2023-04-21,1395037.5863011917,1223793.091041014,0.5060715673444369
2023-04-24,1401220.5775291135,1230638.6686267622,0.5082510637173177
2023-04-25,1399396.219405778,1232744.6472540132,0.5178188752950788
2023-04-26,1394644.9362103804,1235934.565345185,0.5040893471634416
2023-04-27,1399431.028595347,1242582.2068592133,0.5147924300584303
2023-04-28,1406573.8906716662,1254492.82282516,0.5172564106380951
2023-05-02,1411650.5395713067,1261185.8632592575,0.5260763836857615
2023-05-03,1413342.6013375078,1259178.812420597,0.5478700436250543
2023-05-04,1416076.7866384727,1269820.0295044682,0.548797545325746
2023-05-05,1413161.6603724505,1259360.0861227172,0.5531178739320551
2023-05-08,1428218.85487922,1271600.4077209395,0.5541372874434333
2023-05-09,1395703.7565124813,1271064.636068492,0.5575779474873582
2023-05-10,1401175.5345235192,1274810.9324141284,0.5522321750038224
2023-05-11,1404720.8519966058,1276294.6077593677,0.5604811300025148
2023-05-12,1414050.5914699917,1275742.3347263986,0.5600605188343075
2023-05-15,1416647.9306804743,1281705.9336469024,0.5523887163802219
2023-05-16,1423875.7107463703,1276982.916563466,0.5571995827013905
2023-05-17,1424152.0031432416,1271538.5879148878,0.5572854881302781
2023-05-18,1430505.7592623925,1266201.4779924306,0.5524467905139292
2023-05-19,1426041.828718179,1269988.9875421016,0.5510458172733467
2023-05-22,1428862.918197357,1277939.0306992487,0.5479104137727369
2023-05-23,1421060.7786469397,1281297.9068280538,0.5454282778260998
2023-05-24,1419111.2242452768,1278924.0423745792,0.5473937091871277
2023-05-25,1410796.0684637246,1282163.3841127767,0.5445365297124858
2023-05-26,1418447.389145976,1293826.720854517,0.5505537570653258
2023-05-29,1412455.3221415782,1300058.1251067056,0.5540290809637115
2023-05-30,1415927.8963055229,1302291.9290620945,0.5655249172360257
2023-05-31,1432430.8250860488,1299567.7523743273,0.5705304722842677
2023-06-01,1433513.8293802552,1299069.0082098795,0.563992100687266
2023-06-02,1435031.069942853,1303260.4393569033,0.5536727074218706
2023-06-05,1434342.934464768,1307241.6187677202,0.5534585789610397
2023-06-06,1435093.6601050226,1308799.510078037,0.566438608517418
2023-06-07,1445361.0767899817,1319374.802134361,0.5695185001350537
2023-06-08,1442651.8302821591,1312314.9480854494,0.5687100718811184
2023-06-09,1454886.8636673067,1308717.0836699682,0.5792104393328559
2023-06-12,1454871.8214649842,1312978.4645714958,0.5757080697578545
2023-06-13,1463999.7449368455,1322795.4980692177,0.5783534966319868
2023-06-14,1465174.634743025,1325750.4526006698,0.5786916052552673
2023-06-15,1470978.0941886045,1323623.8673714015,0.5803537960061989
2023-06-16,1472901.2765361299,1333778.81694439,0.5775163782142647
2023-06-19,1471951.8315142528,1330539.4752061926,0.5772438659194048
2023-06-20,1474398.494213453,1335303.7054936637,0.5811796132193563
2023-06-21,1476411.0766801648,1338683.188224486,0.575053280828026
2023-06-22,1466375.3717946257,1330428.1512585762,0.5721449942134814
2023-06-23,1457503.2203455414,1319795.1446176963,0.5527586054681803
2023-06-26,1474096.936670068,1324275.0681929612,0.5526634671158339
2023-06-27,1488484.379318126,1332299.2468206468,0.5562296344809949
2023-06-28,1488833.659375081,1341671.1455169814,0.5564452499902911
2023-06-30,1497565.559953875,1354265.8845709919,0.5590314980196968
2023-07-03,1507866.002586205,1362339.486845703,0.5620438152610977
2023-07-04,1509955.154857974,1364655.7977037,0.569272478392692
2023-07-05,1514377.3407607535,1368047.51560447,0.5671453605674435
2023-07-06,1528101.2853399646,1376113.0684252684,0.5678364923995411
2023-07-07,1521239.8863284965,1365385.2392172934,0.5724608477029878
2023-07-10,1524689.6214910727,1364466.1525695103,0.5734281900566496
2023-07-11,1532393.2198076607,1372234.8415299982,0.5738177406019205
2023-07-12,1545673.05133321,1371662.0423895512,0.583949009042214
2023-07-13,1538908.9991410007,1370248.3972933549,0.5781448310785745
2023-07-14,1546553.560447575,1381915.7587620518,0.5783856440419503
2023-07-17,1559950.6538629322,1390702.5426534524,0.5948274506135313
2023-07-18,1558677.4811078482,1390698.3569374178,0.5944964939805912
2023-07-19,1576120.3368320833,1397416.109195028,0.6048242896734389
2023-07-20,1582757.8317009811,1404756.2452291893,0.6064815089252221
2023-07-21,1588560.6902853237,1393360.7943136725,0.6142140005002368
2023-07-24,1583404.6298751393,1390133.768239962,0.6102291529816146
2023-07-25,1583636.5412274634,1392750.8066961474,0.6102862319147381
2023-07-26,1587086.6553887979,1399188.276968508,0.6142432916760968
2023-07-27,1586967.2526569827,1394588.8190026355,0.6142142675076946
2023-07-28,1574917.0826555225,1396991.5809956577,0.6044621881305463
2023-07-31,1580353.5298387422,1406112.0952462903,0.6038846351409721
2023-08-01,1576045.6995570334,1405465.0801407655,0.5997233095291831
2023-08-02,1555010.936050735,1389622.627916488,0.5933234399677627
2023-08-03,1559029.9546078416,1382480.5084485859,0.5813476411179691
2023-08-04,1563631.3306316417,1392231.4559296824,0.5699946021814036
2023-08-07,1573383.3492100537,1397650.9922602086,0.565838356589313
2023-08-08,1581307.5517719863,1397065.7969607355,0.5588247181530339
2023-08-09,1589332.8521268375,1401566.2466434783,0.5393023974148765
2023-08-10,1591566.0001092833,1396290.9565270727,0.5366140487890428
2023-08-11,1588311.9171712315,1389721.6361996178,0.5356646783906556
2023-08-14,1588422.337330845,1386869.7146782517,0.5311214510090739
2023-08-16,1596242.7481201966,1389136.4409001446,0.5255916380272769
2023-08-17,1606823.6894142367,1384949.1149746163,0.5222917695527026
2023-08-18,1603583.334689458,1381276.9540995182,0.519237836725526
2023-08-21,1614891.3951394318,1389054.0144920757,0.5206513873340441
2023-08-22,1613851.4074454792,1393439.0350057066,0.5168262058129879
2023-08-23,1611500.7984541203,1397148.2233688042,0.5161214263514483
2023-08-24,1616513.1241189456,1395491.4847644363,0.5176217896687457
2023-08-25,1616060.4922582023,1386482.2139668812,0.5187719578307156
2023-08-28,1618096.710082665,1390970.4284796761,0.5133747252355161
2023-08-29,1620035.4600899927,1395256.6016992556,0.5098202184617316
2023-08-30,1624721.2858033278,1398689.5328040603,0.5156671402109246
2023-08-31,1634240.522338903,1395009.3224750492,0.5125473678362981
2023-09-01,1639627.1580361105,1407393.890287392,0.511216814722726
2023-09-04,1650175.136629778,1416163.9313146537,0.5143411343545069
2023-09-05,1656028.8436428409,1422028.602446567,0.5099251733923528
2023-09-06,1655145.939304784,1424707.4607088042,0.5096637528250727
2023-09-07,1657735.4526856728,1433024.3174807655,0.5087758431528312
2023-09-08,1667977.3585684756,1441427.6253877522,0.5117921140607922
2023-09-11,1689049.6033207956,1455102.1986841878,0.5108895671678174
2023-09-12,1656687.3680913295,1439210.483801963,0.5013351351214517
2023-09-13,1659045.5504135394,1444667.0476204888,0.5088376356935943
2023-09-14,1674239.1929771593,1450993.274439772,0.513022652772715
2023-09-15,1684677.7391620371,1456128.504058092,0.5085674309768298
2023-09-18,1679500.7136568706,1451825.7489634515,0.5130067509458361
2023-09-20,1681383.2891316968,1438287.211438145,0.5144479086693928
2023-09-21,1672644.9115128033,1426265.352019121,0.5027081082911412
2023-09-22,1668092.7915636762,1422745.808790213,0.507548175062228
2023-09-25,1674342.7553590462,1423714.3190850217,0.5105564973254036
2023-09-26,1687590.9690907912,1424060.4456032794,0.5136121739392667
2023-09-27,1687770.4621411797,1429405.7659687279,0.5107560775408436
2023-09-28,1682334.6681675068,1415298.4540299308,0.5091752807970801
2023-09-29,1681981.8711957487,1425366.8719733548,0.509072329940377
2023-10-03,1680543.8400817835,1422218.2475807567,0.5086522461273788
2023-10-04,1665230.656629761,1411395.5958056871,0.4989749126990854
2023-10-05,1668128.3423704267,1417388.0922657384,0.4998452373703422
2023-10-06,1670485.3612334765,1425449.2983814238,0.5005509449672598
2023-10-09,1649706.0580377781,1411774.725084988,0.501836011663161
2023-10-10,1656900.5779282777,1426252.9558600949,0.5012305000754469
2023-10-11,1668140.1898860373,1434825.3022992539,0.5036695167882711
2023-10-12,1677640.2373209656,1435843.2362410885,0.5028053589354576
2023-10-13,1678653.0579835172,1433424.0533620836,0.5031053429037857
2023-10-16,1680556.2854018188,1433642.5155412818,0.5067070350269935
2023-10-17,1683217.7396340976,1439799.7038283926,0.5030686059315989
2023-10-18,1676227.5864989485,1429603.6215459087,0.4981026762173541
2023-10-19,1678183.4220178113,1426842.3368756028,0.5058681657054631
2023-10-20,1677811.4016116038,1418455.4498545986,0.5014566360250449
2023-10-23,1648360.0139277456,1392074.813556536,0.4916974162406398
2023-10-25,1628938.6305323837,1381532.6047557944,0.49588926947233586
2023-10-26,1641801.3979326803,1364606.213067596,0.5134591194551086
2023-10-27,1650623.6634676917,1381915.7587620518,0.5000821099968145
2023-10-30,1662103.9308689057,1386914.9526092424,0.5023495930742549
2023-10-31,1670138.7099198233,1384854.2924075215,0.5014432483883544
2023-11-01,1661643.332302875,1379236.9004998147,0.49698723279147
2023-11-02,1671157.6097886758,1392248.0378047433,0.5029545916615434
2023-11-03,1677440.188753734,1401327.177862263,0.5015316672134048
2023-11-06,1688202.1635322054,1414387.738814217,0.5032780041635048
2023-11-07,1694164.3884061226,1416728.6810011878,0.5020773124964326
2023-11-08,1695583.916090292,1422655.0109500745,0.5009214405347451
2023-11-09,1698714.7358156303,1419292.1100943128,0.5018412683113123
2023-11-10,1702560.814622356,1422399.5212828768,0.5021018887219063
2023-11-13,1718029.7841589497,1427509.9585831447,0.5035424309216915
2023-11-15,1728717.556521111,1443125.7381852327,0.5057276567597824
2023-11-16,1721529.500842157,1450136.0075980404,0.497766993895104
2023-11-17,1731427.2739570949,1450745.9952155654,0.5064136108050039
2023-11-20,1734417.984510569,1448532.878356733,0.5008200155856732
2023-11-21,1734790.3108939114,1452979.7186764153,0.5009271512302909
2023-11-22,1716040.9610134524,1452987.9291194065,0.49547431434002537
2023-11-23,1718915.2429454736,1453952.414687259,0.5003512762387988
2023-11-24,1715217.7897575884,1454290.3307625256,0.49833705065528844
2023-11-28,1712381.0915967047,1462392.9110713236,0.4992289016296645
2023-11-29,1716647.2632439598,1475770.6205074487,0.500271149930272
2023-11-30,1728462.9204940377,1482682.0426262051,0.5036872630214986
2023-12-01,1735586.8068818762,1493183.1992119905,0.5068844323367183
2023-12-04,1746378.2758645006,1520643.5892579393,0.5099315621749851
2023-12-05,1748859.9245983092,1532187.472103611,0.5106269739121413
2023-12-06,1745974.043648458,1539725.302725875,0.4998663784774551
2023-12-07,1737468.9264647588,1541691.1403605011,0.5070491727778265
2023-12-08,1727007.878318136,1541662.3233154926,0.49833762696696116
2023-12-11,1731993.4304902232,1547160.1003380527,0.49978166473841
2023-12-12,1734958.9781903024,1540285.8666963745,0.5006366828410396
2023-12-13,1733791.5465929038,1545614.605186762,0.5044012298578329
2023-12-14,1753668.9957024278,1563946.270539087,0.5070130194620452
2023-12-15,1757082.000930124,1578057.768193919,0.5079706111628718
2023-12-18,1757350.1294991225,1578923.2454786417,0.5137360684646686
2023-12-19,1757240.7531609205,1580052.4228735536,0.5137058018275356
2023-12-20,1732479.676256015,1547922.5446126896,0.506755551152515
2023-12-21,1741166.3058386338,1561304.6007539278,0.5132883078354212
2023-12-22,1755270.5632954347,1570610.413433637,0.5044557510856319
2023-12-26,1759667.2956741098,1578370.8919511335,0.5113768181954248
2023-12-27,1766578.5613526085,1590578.2107883126,0.513288425581591
2023-12-28,1771222.161490466,1599010.496729386,0.5145644337431896
2023-12-29,1779704.598202129,1601475.0785284599,0.5224970291203244
2024-01-02,1778280.722159095,1600588.9946417199,0.5221146907008383
2024-01-03,1778261.2393140488,1596364.641228192,0.5221094549316356
2024-01-04,1783066.5780336526,1610715.0466751608,0.5126114899684153
2024-01-05,1782094.4666473954,1614782.7577155423,0.5123456253192624
2024-01-08,1784736.978883854,1600531.1995626248,0.5135800201373911
2024-01-09,1785110.283154564,1603980.873531568,0.5117996523627618
2024-01-10,1787088.1460131998,1608786.2365285344,0.5126856680415839
2024-01-11,1786768.166537772,1614267.592665112,0.512598398418569
2024-01-12,1789057.0320913377,1627558.850966212,0.5141186199248834
2024-01-15,1799275.8451948403,1639094.5233688927,0.5155023563684917
2024-01-16,1806867.0126366103,1634313.7917009003,0.5126419868717467
2024-01-17,1803578.2992429212,1606292.837684452,0.5115548907695514
2024-01-18,1796863.5560224657,1600292.2917704878,0.5004549545936575
2024-01-19,1810950.4000822753,1616085.1593586612,0.5025703384724391
2024-01-23,1798157.2951295779,1583118.620858083,0.4990313433668702
2024-01-24,1829976.8272744631,1603276.0633469482,0.5108195124450892
2024-01-25,1837017.8551424048,1598495.3316789558,0.5061957362366916
2024-01-29,1853758.15383829,1624760.5388079064,0.5106550185090761
2024-01-30,1858735.402438587,1613430.9324253977,0.5119653672660819
2024-01-31,1879873.553502922,1632215.9430221014,0.5200839069159144
2024-02-01,1871449.3086857442,1630175.8894223976,0.517923586226981
2024-02-02,1868199.016449295,1641175.790172631,0.5108396678969089
2024-02-05,1858905.7504390632,1636452.6925946553,0.507430415821771
2024-02-06,1880979.9600761256,1651310.052649063,0.5048544119478044
2024-02-07,1893439.311354598,1657558.0387763123,0.5034626382410914
2024-02-08,1893123.5779756114,1647502.016991914,0.5033798262044948
2024-02-09,1881292.6400151374,1645354.7446660895,0.5002567169438072
2024-02-12,1851469.3899838598,1621755.9996403502,0.49220691122589244
2024-02-13,1850541.176267469,1630633.420382811,0.49964959572915346
2024-02-14,1864069.1170003302,1642123.6938654224,0.5058084481457737
2024-02-15,1873998.5358307753,1651577.9384752868,0.5020226979857296
2024-02-16,1876903.975171954,1662120.3082651068,0.4998620688955431
2024-02-20,1892338.5989826708,1670939.9339284722,0.5039413815641202
2024-02-21,1879383.972776284,1659103.533927603,0.5001194790659298
2024-02-22,1890521.279188837,1671933.0755522547,0.5030643401434512
2024-02-23,1892799.291563578,1674368.8403063202,0.5031894981591729
2024-02-26,1896172.5253832163,1669612.9009563797,0.5040733090805565
2024-02-27,1891366.296508641,1672666.702781883,0.5020204439380165
2024-02-28,1874669.5121993236,1650209.6922991597,0.4975851783171114
2024-02-29,1871687.1811669273,1655950.72381897,0.5004480148636166
2024-03-01,1880790.8058403372,1677360.9833148504,0.5009545993989339
2024-03-04,1877200.0478719608,1684140.5553785122,0.5000000121396692
2024-03-05,1867631.7445768754,1680015.0492590356,0.5027927728023419
2024-03-06,1855063.9477796368,1679813.1689548981,0.49666903157685555
2024-03-07,1861281.7390657072,1684367.2280007014,0.5054386512153559
2024-03-11,1852581.3633689568,1672328.7867066164,0.49725590161818883
2024-03-12,1840364.3197973212,1662656.079917554,0.4986040110241166
2024-03-13,1793081.9503725749,1619374.0052384236,0.49141449372730217
2024-03-14,1809990.2299354784,1641633.1601439659,0.5222406028141064
2024-03-15,1828980.6465401696,1634119.9608506758,0.5178748559625357
2024-03-18,1828060.985490559,1635595.4257529236,0.5023595909238936
2024-03-19,1819780.11357826,1616427.2611499627,0.49897518021246445
2024-03-20,1822745.062692036,1618199.4289234425,0.551235514995687
2024-03-21,1844540.319986681,1640071.2441066927,0.5489611873266095
2024-03-22,1856537.826650606,1648083.0265753525,0.5368511490188933
2024-03-26,1884088.6181794642,1648960.9000191013,0.5405938418105429
2024-03-27,1881322.3323432081,1655765.2644008151,0.5399183335647522
2024-03-28,1890218.8564566616,1669559.2915933193,0.5432150826792701
2024-04-01,1917368.823973036,1689127.3530666768,0.5496831630570085
2024-04-02,1916305.3689972626,1695490.6073739596,0.5400706233532243
2024-04-03,1918664.0209248252,1698453.772348403,0.5384270946201236
2024-04-04,1934662.7548099011,1703312.905697508,0.5422440813602543
2024-04-05,1949056.6594322775,1707471.2535889496,0.5456246372827015
2024-04-08,1953228.2512817872,1716043.6000281086,0.5465950658839084
2024-04-09,1950591.0648398562,1713702.6578411378,0.5455195889182198
2024-04-10,1956071.8582148016,1723964.7456457082,0.5519053017812939
2024-04-12,1936877.9661513395,1709977.0485920578,0.5450658189203652
2024-04-15,1922316.931270323,1687989.8042396954,0.5424737948994173
2024-04-16,1924425.4864504412,1683394.5319898578,0.5354215618805804
2024-04-18,1919863.3466703852,1675291.9516810598,0.5265441015684493
2024-04-19,1927583.1883726711,1680278.7493692245,0.525568462764657
2024-04-22,1950755.4572552822,1695910.949857295,0.5285428869769386
2024-04-23,1958104.5761728862,1702323.788800682,0.5330458333294485
2024-04-24,1971004.533760095,1708753.0486300513,0.5287543075239982
2024-04-25,1979249.8478842825,1720066.0731374992,0.5307174597598255
2024-04-26,1983334.326076068,1717712.7347915026,0.5367259143832945
2024-04-29,1995956.8385842126,1730311.5790670086,0.5400114739977139
2024-04-30,1997108.4612904037,1730723.7111073527,0.539871324052889
2024-05-02,2007982.306987192,1737845.384962316,0.5374505427575895
2024-05-03,2006334.002313374,1727620.4856348236,0.5420547500117675
2024-05-06,1992841.4531718565,1719822.818640249,0.5339596438463647
2024-05-07,1980877.8111187448,1700955.5426245548,0.5241026243345775
2024-05-08,1994288.121046881,1706630.5686222787,0.5361001511744953
2024-05-09,1974349.4859926654,1676948.8512745062,0.5235562083988978
2024-05-10,1977372.0453264476,1687194.3572040156,0.5038540255062842
2024-05-13,1984543.3384475154,1690648.0558999155,0.507169049902522
2024-05-14,2013487.5327719278,1704891.4036098418,0.5098935896782867
2024-05-15,2016958.2605796831,1709676.1600047909,0.5107369516755618
2024-05-16,2028681.4593651965,1725106.4801887241,0.5127067259308924
2024-05-17,2037225.7644489938,1736275.2584820515,0.5147504770318192
2024-05-21,2043955.4874004093,1746421.9171175098,0.5247979455456645
2024-05-22,2034219.617920549,1750551.4479639428,0.5175924955559161
2024-05-23,2038053.0821259308,1771306.4819113072,0.5234065207177798
2024-05-24,2034758.634049066,1770828.3443488767,0.522634875155012
2024-05-27,2030768.0787245366,1771590.7886235134,0.5242049835479424
2024-05-28,2008253.0877876005,1762882.4064132252,0.5078304169955136
2024-05-29,2010785.8333037836,1752080.522229251,0.5072704068009486
2024-05-30,2000051.9705074516,1734132.1718722617,0.49852503804480525
2024-05-31,2016407.3127718135,1739469.281794719,0.5034143735890286
2024-06-03,2039477.5748984679,1796681.4194374832,0.5049117833542149
2024-06-04,1958110.2794666653,1675221.921432017,0.483441592858545
2024-06-05,1990242.791168781,1735438.5982423371,0.5221933483825598
2024-06-06,2002812.341756154,1761040.2083907023,0.5101181418610198
2024-06-07,2026849.630908073,1793940.7413691944,0.5086604052014224
2024-06-10,2032814.597976252,1797575.7137672142,0.5081767023332008
2024-06-11,2042716.15780155,1801181.869120226,0.5066127634121418
2024-06-12,2048927.614746679,1810162.1618836944,0.5057020252403822
2024-06-13,2065899.2835788429,1819505.3240295597,0.509762756370264
2024-06-14,2077124.2655827529,1831045.021159197,0.5172263946774507
2024-06-18,2082069.3637060262,1840548.6894160868,0.5183730245118175
2024-06-19,2080345.530190864,1831918.708886911,0.5170698022192237
2024-06-20,2085654.1932019494,1838529.2424184002,0.518299015425445
2024-06-21,2079066.8640755955,1832850.0307046417,0.5144011390136806
2024-06-24,2088285.9412680406,1837210.419889299,0.5165448939925978
2024-06-25,2091182.849416783,1843932.3578629438,0.5172146226280133
2024-06-26,2089336.32037532,1849384.8969545132,0.5167879430114205
2024-06-27,2097099.5691210693,1857676.9614084226,0.5183532436897634
2024-06-28,2096834.4074974442,1859514.9737149107,0.5080313526766552
2024-07-01,2113192.8850186947,1873354.399827484,0.5178184723003249
2024-07-02,2112564.270221663,1869249.661299103,0.5208100859537728
2024-07-03,2126610.936055867,1883542.2716669766,0.5239752256037229
2024-07-04,2132357.950554517,1888735.1353753132,0.5200992544910281
2024-07-05,2143019.1652205754,1894789.4516414164,0.522486692246745
2024-07-08,2140026.180575035,1893429.4159082805,0.5218188546234863
2024-07-09,2142723.3312364398,1901358.7719688714,0.5177620419538831
2024-07-10,2133825.0822533844,1893965.187560728,0.5225003877565623
2024-07-11,2140883.1288265595,1896240.1242256123,0.5216560602449192
2024-07-12,2142999.1382298637,1903674.92183779,0.5361274521000516
2024-07-15,2150023.531203654,1913104.5351186807,0.5438154179344739
2024-07-16,2146982.6643589344,1912642.9794313107,0.5478540580998875
2024-07-18,2127580.781813938,1913121.1169937414,0.5437308386513344
2024-07-19,2086805.8083193982,1883740.1272441575,0.540091100854962
2024-07-22,2103318.1366685163,1891080.2632783186,0.5516288573019208
2024-07-23,2090013.2520681485,1884696.2413799402,0.5489616365925878
2024-07-24,2099736.067400121,1889332.7268338124,0.5591758232377295
2024-07-25,2096730.6058400422,1888986.6003155545,0.5494972094542333
2024-07-26,2118226.5558343125,1919880.082455386,0.5485082627613045
2024-07-29,2138430.622237734,1928299.811248355,0.5527739934073711
2024-07-30,2148436.1483810744,1932149.2210986167,0.5548567788344904
2024-07-31,2153862.122470171,1939559.3873818207,0.5559781763272931
2024-08-01,2138469.98722458,1937564.5717131079,0.5527822259502507
2024-08-02,2144850.2003663066,1917192.8527610793,0.55327448937265
2024-08-05,2106558.283450437,1858093.1181757231,0.5475010165756962
2024-08-06,2093730.0176431017,1849920.6686069604,0.5373333637288512
2024-08-07,2134568.017286312,1883352.7875218652,0.5459494801883511
2024-08-08,2130735.1280183718,1871549.2292929608,0.543912894217606
2024-08-09,2137508.327128388,1889501.7653659848,0.5451265956849892
2024-08-12,2139840.576108157,1888871.1711464424,0.5476498360386225
2024-08-13,2135723.1996938623,1871557.6007250303,0.543312803967592
2024-08-14,2142713.1565689663,1868825.1330997327,0.5424581734101986
2024-08-16,2168795.037781479,1900464.47763914,0.5471299030022329
2024-08-19,2168359.684869079,1907326.4761108707,0.5516507589066927
2024-08-20,2170903.650347347,1918915.5968875336,0.5521761553200097
2024-08-21,2181595.3698812462,1926193.9131156432,0.5543708826347142
2024-08-22,2191918.3944015796,1932132.639223556,0.556469610542325
2024-08-23,2208391.6809874177,1930315.233519085,0.559388569627826
2024-08-26,2220883.7304608515,1942110.42031592,0.5616134964961227
2024-08-27,2214963.6093236106,1945662.9663058713,0.5649565305591457
2024-08-28,2215637.3719195947,1946577.8672376196,0.558510812503913
2024-08-29,2205649.870495933,1947851.45183573,0.5565116856489979
2024-08-30,2219227.7515768646,1956353.7680258462,0.5592250761916144
2024-09-02,2205777.065852177,1958509.0898055837,0.55653725924617
2024-09-03,2206663.994418046,1960796.422629494,0.5567155010508437
2024-09-04,2213692.3265959243,1957536.5547838185,0.5581229011084252
2024-09-05,2220371.605910787,1958682.3140537909,0.5571775787396721
2024-09-06,2212436.440776118,1935182.416322103,0.5555893437181942
2024-09-09,2219007.7240908938,1937197.838592833,0.5540175562939946
2024-09-10,2231674.9423587713,1948861.1753345735,0.5552251618930731
2024-09-11,2252518.228597598,1939596.4148698205,0.5571568422482814
2024-09-12,2275329.9840986487,1970596.9547466943,0.5546403046569036
2024-09-13,2283724.8346098596,1972315.513157114,0.5562774231089443
2024-09-16,2292115.392759874,1975612.5694798676,0.5579017218225426
2024-09-17,2281179.671005061,1975752.7909670314,0.5557823518229406
2024-09-18,2276719.1329785893,1969879.9093921268,0.5549120425770514
2024-09-19,2266070.8640393997,1966195.352358003,0.5572334985435206
2024-09-20,2273044.5318907145,1994208.0959314597,0.557925243978618
2024-09-23,2296399.743061868,2009489.8231961594,0.5624213032172195
2024-09-24,2296669.31372064,2010355.3004808822,0.5624726638449125
2024-09-25,2274181.201414872,2008834.5976476434,0.5559338371145519
2024-09-26,2267285.4359931345,2019191.5080193086,0.5524606795135045
2024-09-27,2264809.7193820206,2018585.7061178184,0.5563868457578683
2024-09-30,2252523.2254727897,1998444.6845149354,0.548137587912718
2024-10-01,2269855.548372524,2000596.1425567947,0.55345238717554
2024-10-03,2250364.2730751825,1958076.3511632225,0.557508702384122
2024-10-04,2242234.9424745347,1939901.3281840438,0.5526019116446829
2024-10-07,2214086.765505552,1910804.8061357443,0.5461969702212958
2024-10-08,2234341.9046345665,1938055.1054345644,0.549087409852168
2024-10-09,2261976.4563510325,1945230.2276635098,0.5522605253842199
2024-10-10,2279376.093320714,1945110.7737674413,0.5505483977095452
2024-10-11,2278931.5444051903,1946190.5275153273,0.5350598641706199
2024-10-14,2280311.4774180893,1955735.56996533,0.5330001059819216
2024-10-15,2301999.475976185,1956448.4296038628,0.537228315282334
2024-10-16,2288000.3139234525,1951292.7543726042,0.5315212314590527
2024-10-17,2260507.8414571728,1926882.1414252024,0.5146159052650112
2024-10-18,2241126.090525492,1932132.639223556,0.5004370839169823
2024-10-21,2222020.2617969555,1917506.137507372,0.49917488114097547
2024-10-22,2191399.4111649073,1880513.1011704467,0.5017386506715875
2024-10-23,2212448.6619347194,1882709.797143297,0.5113572742735168
2024-10-24,2203351.6744506913,1878320.5909136315,0.49929430083512044
2024-10-25,2183708.1668104287,1854515.9408567983,0.4970610508919686
2024-10-28,2187184.8408204736,1866953.9570431232,0.5082712477883318
2024-10-29,2204003.2349036373,1878914.157645174,0.5025085233051441
2024-10-30,2195397.3849237664,1875184.3626800592,0.5214421139829145
2024-10-31,2221496.765584582,1870201.589718851,0.5099142055420788
2024-11-01,2231797.4322659858,1881263.3102751358,0.504025818985414
2024-11-04,2210232.7857813626,1856102.6492121234,0.49918673237522276
2024-11-05,2217113.502021004,1869418.538842197,0.5066852880116982
2024-11-06,2229957.3113332847,1898379.0251193673,0.503786676735949
2024-11-07,2217764.326140521,1879837.2690199136,0.5017667983966503
2024-11-08,2194097.3421953265,1866599.620081874,0.4944195113703727
2024-11-11,2184389.129927198,1862127.9874441396,0.49939431135885853
2024-11-12,2195655.6608092003,1840668.3043012335,0.5030728460889835
2024-11-13,2166619.641178537,1806370.547112528,0.4963950180885235
2024-11-14,2187485.362810524,1810339.4108588581,0.5070357092807983
2024-11-18,2180151.067934733,1805088.9130605045,0.4985030748553516
2024-11-19,2200285.3392809294,1813739.5001916976,0.5029824171098317
2024-11-21,2194548.9132257174,1798614.2543110661,0.49806849030552164
2024-11-22,2196564.5515451822,1831972.3182499714,0.500930994383152
2024-11-25,2216762.7566345,1859003.994380515,0.507846034872264
2024-11-26,2229234.267327292,1859741.6463370998,0.5093064403155642
2024-11-27,2251136.0084002507,1870395.259579997,0.5107165661573493
2024-11-28,2252345.7789301146,1855776.9683068045,0.5091621949444511
2024-11-29,2262636.3748357566,1870007.9198577048,0.5113945525442911
2024-12-02,2267790.074617034,1882277.0585009356,0.5125049400602557
2024-12-03,2270097.715702135,1897525.9439936704,0.5118769893342964
2024-12-04,2275643.826821261,1904008.8131861,0.5130666238566441
2024-12-05,2290920.1517828903,1918717.7413103527,0.5151712257969886
2024-12-06,2295580.503130637,1921532.6353437193,0.5161554964109802
2024-12-09,2290222.310343627,1919875.896739351,0.5150234962040762
2024-12-10,2281566.763748889,1921763.4936819433,0.5052484742847861
2024-12-11,2290405.748473245,1925328.4358309205,0.5071577871569984
2024-12-12,2270928.137970634,1916941.5488099162,0.5070070323536301
2024-12-13,2269232.855159354,1925394.2803639285,0.5084996163763496
2024-12-16,2270434.229307152,1924858.508711481,0.5104753369409902
2024-12-17,2270147.286318792,1903699.7141558419,0.5104134618060417
2024-12-18,2265189.561058611,1890400.2454117509,0.5135344627989478
2024-12-19,2256911.2145464243,1875378.0325412052,0.5146281219620885
2024-12-20,2241058.8080580095,1839708.004449416,0.5051869968628109
2024-12-23,2252452.5690616597,1847365.4499568266,0.5046878061224761
2024-12-24,2250796.4398159683,1846574.0276481032,0.5065914005452061
2024-12-26,2255742.0743193943,1848853.1500290222,0.5061571311197971
2024-12-27,2249455.281826651,1850077.1499910287,0.5047769358050674
2024-12-30,2256823.506378265,1842819.6013540146,0.5070571162886824
2024-12-31,2264910.8203694075,1844323.883301271,0.5088932697123024
2025-01-02,2288711.5818382255,1880950.025528843,0.5057734563072164
2025-01-03,2293730.6333332574,1871751.2705861763,0.5139898234284723
2025-01-06,2275199.667196662,1831959.9220909453,0.5100313848553931
2025-01-07,2294652.225169514,1841541.9920289477,0.5100828137276294
2025-01-08,2259772.1415848965,1832487.4833004016,0.4928252732022868
2025-01-09,2247536.100061422,1817217.9912056495,0.49892669407188883
2025-01-10,2236895.9342293795,1796813.2694925775,0.5011489297769406
2025-01-13,2183022.239955936,1751021.2140943038,0.4919862799165631
2025-01-14,2196961.434857816,1770605.8574427222,0.5053442846313683
2025-01-15,2205529.5546581233,1776387.9411774885,0.5017833317854121
2025-01-16,2204506.3753028093,1789852.4237267957,0.5000654672415965
2025-01-17,2206380.809658349,1787025.1335344033,0.4996851436800811
2025-01-20,2204989.7821966996,1797637.533573266,0.5027953740672155
2025-01-21,2174465.7814134387,1766661.6250253657,0.4950598702318311
2025-01-22,2162521.8283647494,1763640.8259609055,0.21281521462595165
2025-01-23,2162733.3042383576,1775304.1627026459,0.051181320162579855
2025-01-24,2161513.6439282475,1757240.3831765447,0.055272325342931534
2025-01-27,2159020.4578478625,1723614.4334114157,0.04562769565919442
2025-01-28,2159052.3363655363,1724751.9822383968,0.04261923471473111
2025-01-29,2160382.655987858,1751190.2526264763,0.042404837435992576
2025-01-30,2159931.2908328227,1755476.4258460558,0.03761276770600846
2025-01-31,2160134.1881495425,1778836.10209058,0.04233250495335584
2025-02-03,2161015.872660736,1764135.3844093184,0.05660558873190259
2025-02-04,2162555.202805797,1790915.595599621,0.0658481847299413
2025-02-05,2162268.907852504,1795597.4799735623,0.0611350145859448
2025-02-06,2161104.78899328,1786382.1431558349,0.060710103016862964
2025-02-07,2162010.76175955,1784214.4252170715,0.056673124613554025
2025-02-10,2160204.8944847663,1761559.5591571673,0.06051372181222602
2025-02-11,2157917.646826618,1726870.2765301347,0.050543704745210694
2025-02-12,2158100.7906917706,1723358.9437442177,0.04640602747344658
2025-02-13,2158762.871688935,1723070.451315977,0.04669848963151877
2025-02-14,2158180.0687172045,1700712.288127305,0.04602889234514494
2025-02-17,2158581.002747974,1702298.99648263,0.0462060825830571
2025-02-18,2158918.1718881745,1698923.6994678425,0.04413862606530944
2025-02-19,2158922.0301995873,1708818.8931630594,0.044140334330266054
2025-02-20,2159196.639362858,1717032.7169249346,0.04889325383556035
2025-02-21,2158540.5200619167,1705422.9895462545,0.048604151320405256
2025-02-24,2157268.590944552,1687140.7478409552,0.04350756535938206
2025-02-25,2157013.7690122332,1683044.2197555653,0.035728716696269716
2025-02-27,2157355.241145472,1674537.8788384926,0.035881344212522155
2025-02-28,2155035.838646294,1638711.208373557,0.03484369129759797
2025-03-03,2155075.1518364297,1640034.055629615,0.03714599411974976
2025-03-04,2155131.781700184,1641756.7997560692,0.03717129479585297
2025-03-05,2155473.00882142,1669670.5350463965,0.03732371761255042
2025-03-06,2156288.2400675924,1685380.9762265012,0.037687678130800394
2025-03-07,2156071.4382957164,1685076.0629122779,0.04686704419075114
2025-03-10,2155420.049979666,1670494.799127085,0.046578998400761046
2025-03-11,2155635.863650512,1673462.1498175631,0.0466744511113446
2025-03-12,2156036.4098291583,1670317.5501519213,0.046980188869109415
2025-03-13,2155251.489220644,1663039.39491289,0.04881017535958145
2025-03-17,2156471.0125418515,1672291.7592186169,0.049348090391732394
2025-03-18,2156471.0125418515,1702698.7323639481,0.049348090391732394
2025-03-19,2159034.47913989,1719785.7911522493,0.05047681920092367
2025-03-20,2160728.6113742706,1736728.60372643,0.07436164099492903
2025-03-21,2163966.876708812,1753531.1948134468,0.4592126798228994
2025-03-24,2170020.2108324906,1775308.1874296023,0.46993772571081427
2025-03-25,2154775.0429076534,1767036.7295777102,0.46618750203491
2025-03-26,2143835.812647572,1753658.8591525066,0.4754528509480123
2025-03-27,2160058.039386712,1764580.3582216275,0.482004789092515
2025-03-28,2157384.916697017,1758942.5207009818,0.4906334464565752
2025-04-01,2140834.6269796,1736786.237816447,0.48669565325794795
2025-04-02,2143204.552762015,1752851.1769468791,0.48726325806449894
2025-04-03,2143236.8204234745,1751017.1893673474,0.4978447744994292
2025-04-04,2113603.159999828,1714910.236917162,0.4908043339313688
2025-04-07,2053491.4556767242,1657240.5683139847,0.34881726665284396
2025-04-08,2069420.1578352605,1688158.842771868,0.2615413679265187
2025-04-09,2066561.7197551318,1677933.7824552974,0.27019785350566744
2025-04-11,2078432.6925425567,1710582.8504935482,0.2791774377318988
2025-04-15,2090677.3372057537,1753984.5400578256,0.2929654171714785
2025-04-16,2099682.979589321,1764283.6553503955,0.4838081814926947
2025-04-17,2111022.741505415,1787132.352260524,0.49605508524062475
2025-04-21,2117910.2193774786,1813854.9293608097,0.5024155576184878
2025-04-22,2120535.273044249,1820399.618359291,0.502766430712573
2025-04-23,2121196.47792856,1832965.4598737538,0.5027890713206228
2025-04-24,2119684.3646078925,1828271.3403298648,0.5024343773477885
2025-04-25,2094661.7394767422,1800864.5596469766,0.49636688580856686
2025-04-28,2110536.1499953456,1821776.074978409,0.5068558647767413
2025-04-29,2102697.0675364304,1822645.7379791667,0.5037248909679822
2025-04-30,2093764.1271797067,1815857.9554725136,0.5016075579351152
2025-05-02,2091883.057288677,1813875.5359628268,0.5019861650305171
2025-05-05,2108748.6684056018,1829466.523246863,0.5059692417230061
2025-05-06,2094749.216345035,1809803.6392064106,0.4978011999068923
2025-05-07,2110894.958764566,1819352.7063833699,0.5132951941285825
2025-05-08,2090400.480255595,1800444.2171636412,0.4988768469274402
2025-05-09,2082900.4480666192,1786637.793812111,0.5088270934968212
2025-05-12,2128403.464915462,1855533.8747986327,0.5115978987812787
2025-05-13,2128491.1951622544,1842180.796691481,0.5017092447643663
2025-05-14,2131451.429267958,1854552.9683447978,0.5000021976030681
2025-05-15,2133721.203721066,1878398.9925947438,0.5052207248497734
2025-05-16,2125785.0588832754,1885166.1684993797,0.4989599930523077
2025-05-19,2123887.5740825892,1884745.8260160442,0.5033830074988295
2025-05-20,2120723.727950693,1861649.849881709,0.4977936664499517
2025-05-21,2128775.559804729,1873605.864767725,0.5044577156725056
2025-05-22,2114511.840467907,1862424.6903153718,0.49849645509552465
2025-05-23,2121116.7510498157,1877760.1879322103,0.5048949951469833
2025-05-26,2124414.4780682293,1888248.9483589698,0.5008345876982565
2025-05-27,2115029.5964569105,1880682.1397026193,0.49861967387068434
2025-05-28,2119015.592740598,1877624.152161081,0.5044359721900329
2025-05-29,2119402.2259947946,1884378.9319066908,0.49959860816466173
2025-05-30,2129480.7490486233,1879482.7710695863,0.5069438599205963
2025-06-02,2126051.837893863,1882165.8150478583,0.49999517279153155
2025-06-03,2120661.39811257,1872010.9459694088,0.49872422689049245
2025-06-04,2121013.2992977984,1879969.1190750082,0.5035221220956061
2025-06-05,2121094.190523406,1890408.455854742,0.4988534664467368
2025-06-06,2127870.4450122584,1909415.9533576001,0.5051313763889099
2025-06-09,2144098.477044058,1923053.4991660363,0.5038390641146205
2025-06-10,2149877.397069295,1923828.1786106206,0.5023990839181884
2025-06-11,2151507.9366688374,1923655.1153514918,0.5029576586276563
2025-06-12,2144383.6871633595,1899636.027842417,0.5013063432982584
2025-06-13,2148886.1600996135,1888075.7241107626,0.5070048092850342
2025-06-16,2154022.869064116,1903642.080065825,0.5029673765167735
2025-06-17,2140808.719421331,1894282.4970339774,0.5024430044334035
2025-06-18,2139553.486439471,1889641.8258640706,0.5021510977551418
2025-06-19,2132738.054268889,1876313.5400749708,0.5005601590940826
2025-06-20,2150868.195469119,1899195.0787570644,0.5047700473874327
2025-06-23,2158896.5136151398,1895931.0251953541,0.5043179252548182
2025-06-24,2168562.571830224,1905137.9905810119,0.5015688262908757
2025-06-25,2189504.321924652,1920275.6326206694,0.5039365810692998
2025-06-26,2202305.975878422,1938467.2374749086,0.5067600419249765
2025-06-27,2224664.3700650353,1946924.1547449557,0.511717218189236
2025-06-30,2226969.944417189,1946680.9002477056,0.5122227356800144
2025-07-01,2243538.598877008,1946536.6540335852,0.5112700034893779
2025-07-02,2259486.824238283,1940915.2373989217,0.5147196257848273
2025-07-03,2264346.5545395263,1938821.5744361577,0.5157611323220861
2025-07-04,2261567.050369911,1942168.054405937,0.5151659945606032
2025-07-07,2248745.316768772,1941240.7573151623,0.5124016030520756
2025-07-08,2255954.8083407013,1943000.6899186948,0.5139598508149674
2025-07-09,2267598.420959216,1941755.9223655928,0.5110470135331903
2025-07-10,2283411.4885320654,1934663.2265447162,0.5101433329490296
2025-07-11,2277119.349787146,1919109.2667486798,0.5131812737958449
2025-07-14,2291365.68448554,1921281.3313925562,0.5182786002351482
2025-07-15,2300100.0469487705,1932829.2389651847,0.511470642372504
2025-07-16,2291640.5945706693,1934753.8633957764,0.5118798368875411
2025-07-17,2287358.4101075586,1930401.6846541103,0.5109890390013165
2025-07-18,2280645.051468833,1918487.043961207,0.503041417404513
2025-07-21,2278849.530221818,1927001.5953212709,0.5005861550784236
2025-07-22,2284128.215812945,1922258.0521303562,0.5009817549106418
2025-07-23,2293892.782022904,1931118.8909977563,0.5020460333538143
2025-07-24,2284153.273229438,1920625.944854962,0.49782993383780244
2025-07-25,2273716.1055962183,1897027.3608183009,0.5001318500341617
2025-07-28,2273782.3134660902,1883191.959432684,0.5014738007593288
2025-07-29,2292095.1895082835,1896413.1874847412,0.5570941660485736
2025-07-30,2315946.5976609914,1898572.8559695915,0.5248852245246657
2025-07-31,2305324.470065454,1888796.955181365,0.5202615517472232
2025-08-01,2285365.151016551,1868907.5595078014,0.5181735649107806
2025-08-04,2305219.991034755,1884300.691214657,0.5182944786397228
2025-08-05,2307318.001962929,1879198.46435738,0.5187324865116832
2025-08-06,2315221.9279112834,1868346.9955373022,0.5203754835574963
2025-08-07,2303057.8549597235,1870593.115157178,0.5178422481918284
2025-08-08,2290078.6428250875,1849908.2724479346,0.5095352987078401
2025-08-11,2300456.435043008,1865593.9213099873,0.5117478773434095
2025-08-12,2291097.9271287792,1860248.6009445388,0.5141182206542192
2025-08-13,2313045.3716647234,1870922.8207894533,0.5144618887031583
2025-08-14,2300814.2477158825,1869451.5416032402,0.5118807690725522
2025-08-18,2310654.089222419,1890161.1766305354,0.5182871870377789
2025-08-19,2318363.352746266,1901296.9521628197,0.5014221639678553
2025-08-20,2341938.91951498,1907606.7580961206,0.5064411911358273
2025-08-21,2343684.829158962,1907112.1996477074,0.5068088639020404
2025-08-22,2327231.0656109713,1895090.3402286833,0.5033219517267811
2025-08-25,2324923.9380151755,1900093.5588028303,0.5028290755459045
2025-08-26,2303769.5599085726,1876738.068274341,0.4958661067445251
2025-08-28,2296113.952773017,1858027.273642715,0.5003673860609786
2025-08-29,2301292.5758986864,1851540.2187342506,0.5021507395676129
2025-09-01,2326834.5661361874,1872196.4053875639,0.5065362725407087
2025-09-02,2333542.8432241376,1873090.699717295,0.5000599671982006
2025-09-03,2340273.1814607,1884651.0034489494,0.5011645546910817
2025-09-04,2341074.576121043,1880941.8150858518,0.5007269393810976
2025-09-05,2349644.545487809,1881724.8659625056,0.5013221934262548
2025-09-08,2365166.3670477043,1885804.973161913,0.5040572195519428
2025-09-09,2376529.073677234,1891611.8492147312,0.5019231168476528
2025-09-10,2380693.8211250156,1901919.3359393708,0.5022220799740155
2025-09-11,2365021.6719878,1904268.4885693325,0.49892348449294177
2025-09-12,2355744.8201540364,1911489.009718347,0.4975527896097835
2025-09-15,2368203.112364758,1913599.0935670936,0.5026140920314772
2025-09-16,2384168.7052076203,1926247.5224787036,0.5029646201250646
2025-09-17,2380651.5125293154,1932503.5580598658,0.5022302962688623
2025-09-18,2368328.837173121,1938578.4809279859,0.49964034576665506
2025-09-19,2368996.5434324695,1935920.229267766,0.5031541612883117
2025-09-22,2371340.799940664,1927248.8745454773,0.5003096600067274
2025-09-23,2362868.828885033,1922616.57480764,0.49851804041047637
2025-09-24,2359361.4009223953,1910499.892821521,0.5011401056725634
2025-09-25,2344470.3522476275,1897653.7693218084,0.497378246999151
2025-09-26,2327537.564366745,1872163.4026265205,0.4974177375795211
2025-09-29,2343126.4699546574,1874302.3035202755,0.5028312914391115
2025-09-30,2325933.3225472,1873890.1714799313,0.4963821729120819
2025-10-01,2346175.7345649335,1889897.4765203465,0.5048827821961827
2025-10-03,2360415.705150514,1898090.5326911262,0.5059161522735081
2025-10-06,2367429.512689823,1909791.0579099446,0.5031418932537008
2025-10-07,2370633.084624092,1913075.7180736721,0.5038133260015228
2025-10-08,2370853.159455982,1904820.6811077625,0.5017583406552965
2025-10-09,2368410.6633315375,1915733.9697338922,0.5033983714200846
2025-10-10,2362371.6020428017,1923630.484022518,0.501188417912785
2025-10-13,2356106.878172308,1920106.7550775753,0.5041407484357137
2025-10-14,2343791.656041043,1910978.0303839515,0.49715778830418456
2025-10-15,2371749.2982865646,1926910.958470211,0.5073682625290092
2025-10-16,2367724.750988162,1942279.4588480925,0.502396769250537
2025-10-17,2356714.220371265,1945102.56332445,0.5000719750264963
2025-10-20,2363175.8106362517,1954832.9042035292,0.5014389194767668
2025-10-21,2359380.6363632316,1958385.4501934806,0.509113761566503
2025-10-23,2321932.8102464536,1958113.5396403004,0.5011968130575468
2025-10-24,2311910.5004366282,1952401.3251654985,0.5038504440730165
2025-10-27,2314929.424283177,1965119.7843261515,0.511430521086752
2025-10-28,2329392.4799626395,1962783.0278552156,0.5147319102767018
2025-10-29,2331701.61740648,1974310.3288258268,0.515212482365307
2025-10-30,2319044.5869993055,1965152.7870871946,0.5105645219272005
2025-10-31,2308028.8211579146,1954363.1380731682,0.5030164220335889
2025-11-03,2323478.116754134,1962630.4102090257,0.5039513864063374
2025-11-04,2312236.063196095,1951482.2385177154,0.5015396062381384
2025-11-06,2293606.369546351,1938104.5290815902,0.4990291428411819
2025-11-07,2304446.9297192316,1938792.7573911494,0.5077513464802955
2025-11-10,2334424.722108146,1945007.7407573552,0.5140726160415647
2025-11-11,2336173.134185875,1952075.805249258,0.5124142868231988
2025-11-12,2324760.445124201,1964790.078693876,0.5087644464611518
2025-11-13,2308455.9681235235,1963067.3345674218,0.5052948811347229
2025-11-14,2300331.553676078,1964744.679773807,0.5035476593446678
2025-11-17,2295392.6086588344,1974487.5778009905,0.5024794539296423
2025-11-18,2278311.539743999,1963780.355195033,0.49912642696950804
2025-11-19,2312933.1040702243,1970510.5036116692,0.5149315568751971
2025-11-20,2302069.421047739,1976210.1609383665,0.5072662949890929
2025-11-21,2284456.7084614253,1960944.8545596492,0.5027633337049747
2025-11-24,2283957.9254380492,1951408.183541716,0.5002508540488392
2025-11-25,2278307.759712341,1949800.8685843737,0.49870974950147234
2025-11-26,2295096.7498213435,1974541.0261749725,0.5078067617404909
2025-11-27,2290056.2764171883,1973927.013830491,0.4998280062264639
2025-11-28,2284408.8819996733,1972727.645197458,0.4990413289715707
2025-12-01,2282534.9232574888,1971841.561310718,0.4995635143490039
2025-12-02,2273492.5849558255,1963582.499617852,0.5028376091796903
2025-12-03,2267077.736111341,1954849.4860785902,0.5012126539603217
2025-12-04,2258265.3825385654,1956893.5644052504,0.4986865282555182
2025-12-05,2257903.632589115,1964654.0429227469,0.5055613253086464
2025-12-08,2239535.5717841894,1939180.0971134414,0.497964553131924
2025-12-09,2256026.1582104517,1938360.018748788,0.5098264160842367
2025-12-10,2249819.0356767713,1929503.3655974227,0.5011221750195025
2025-12-11,2258537.219221837,1941211.940270154,0.503047894200806
2025-12-12,2268662.0166992364,1955665.3787272088,0.5030450338003202
2025-12-15,2269493.797798708,1955582.95231914,0.5076334392668935
2025-12-16,2262869.103434977,1942802.834341514,0.5040060352164075
2025-12-17,2240046.312238251,1936695.0697014288,0.4989525831376504
2025-12-18,2260594.2914343616,1936319.965149084,0.5079697743262193
2025-12-19,2269125.510756927,1951655.4627659225,0.5027740894590423
2025-12-22,2274762.9705469585,1967324.6907419928,0.5040063457923527
2025-12-23,2273699.889211714,1969591.416963886,0.512570676773854
2025-12-24,2279855.7858086694,1965890.4390437794,0.5039227824714746
2025-12-26,2272074.1750567057,1960120.590478961,0.501911429676918
2025-12-29,2266076.0128061115,1952030.406329189,0.5005930202135634
2025-12-30,2256047.1852941415,1950934.2316953202,0.5002184186027427
2025-12-31,2270378.2883263966,1967646.185931277,0.5038491395563122
2026-01-02,2268789.968335147,1986394.0080509027,0.5038634380905797
2026-01-05,2268531.0440477626,1983051.55280808,0.5038826079640277
2026-01-06,2266921.0496637486,1979099.2709368106,0.501541898650776
2026-01-07,2270071.2983310283,1979602.0398282148,0.5067863701775902
2026-01-08,2255961.6290898267,1951865.5535130512,0.510433352904377
2026-01-09,2234347.309803227,1934329.335196406,0.4997190328105493
2026-01-12,2233816.618900498,1937881.8811863572,0.5095300791960922
2026-01-13,2247174.687494779,1935425.6708193528,0.507684036733264
2026-01-14,2250686.7193328496,1935029.9596649911,0.5069641500448483
2026-01-16,2245522.9989414704,1935808.9858146887,0.5016285930178831
2026-01-19,2241534.250528198,1926614.2555989786,0.5074855956287673
2026-01-20,2206915.8379492695,1891409.968910594,0.49308054837158594
2026-01-21,2205801.7056698194,1882219.4244109187,0.5068438571120322
2026-01-22,2209016.7579605766,1896528.616653853,0.5011977099570721
2026-01-23,2187178.3568843547,1871590.4424969952,0.4953333354370972
2026-01-27,2183548.7145617004,1880908.8123248084,0.5026579509359178
2026-01-28,2197502.494881944,1902574.5614878866,0.5049431571888664
2026-01-29,2202980.838626359,1906918.5297865614,0.5038087288697791
2026-01-30,2203722.49535382,1902360.2850247233,0.5049110230072394
2026-02-02,2185950.917528651,1882371.8810680304,0.512149876919768
2026-02-03,2209210.5241005514,1932594.355900004,0.49936412703076416
2026-02-04,2238606.0876548328,1939901.3281840438,0.5103596587646234
2026-02-05,2235266.38918785,1929742.2733895597,0.5075108207348981
2026-02-06,2236897.099687811,1931580.446685126,0.5034540653163667
2026-02-09,2249836.4723169776,1952137.6250553096,0.5084756279924982
2026-02-10,2265070.420574936,1957936.2906651367,0.5135916384986483
2026-02-11,2271271.9968850543,1960351.448817185,0.5172233734562892
2026-02-12,2264553.0157223577,1949512.376156133,0.5181616172636517
2026-02-13,2238623.8601045944,1921619.2474678229,0.5068890342682046
2026-02-16,2232292.124654373,1934749.6776797415,0.5097749049947466
2026-02-17,2234670.846270064,1940321.8316564576,0.5052387823323227
2026-02-18,2260925.6180085186,1949038.424309737,0.508798844056455
2026-02-19,2249232.7490143934,1920325.056267695,0.5105038937628706
2026-02-20,2248269.701728654,1928365.8167704414,0.5030593087619862
2026-02-23,2240190.6124751633,1935780.007780602,0.5012671272503572
2026-02-24,2227105.029718248,1920914.437283203,0.5026351285265157
2026-02-25,2234001.7385337627,1929091.2335570785,0.5040803606361263
2026-02-26,2236298.9541803687,1932775.6296021242,0.5023757447822117
2026-02-27,2221475.9711659765,1909560.1995717206,0.5080583289205094
2026-03-02,2199496.4205078008,1882285.2689439268,0.507758998318289
2026-03-04,2168126.399619801,1847159.3839366545,0.4990911772470094
2026-03-05,2180086.902094927,1870898.1894604797,0.5038394502213077
2026-03-06,2166353.3786337133,1853052.8721135764,0.49738768862073185
2026-03-09,2142653.9556927755,1818042.2552863378,0.505396424089581
2026-03-10,2159069.9910281356,1841649.04976599,0.5007448955293865
2026-03-11,2146224.791845765,1816867.678971357,0.4977568435396296
2026-03-12,2147797.7136371005,1804932.270687358,0.5041212249205687
2026-03-13,2138784.3119610366,1763199.7158864746,0.10614243516388053
2026-03-16,2139188.724004403,1772068.9261859441,0.0916457442671726
2026-03-17,2141251.3285894715,1786122.6287616808,0.09252073527253732
2026-03-18,2141140.1548076887,1806572.5884057435,0.09247361649727961
2026-03-19,2136367.733871267,1749566.5167831515,0.0904462979582869
2026-03-20,2137242.382599523,1757982.220849164,0.08630833123772702
2026-03-23,2132429.088603609,1703279.9029364649,0.07744316683601143
2026-03-24,2134197.7296429384,1736477.1387861888,0.049613170642438496
2026-03-25,2135786.874560348,1770370.8133884633,0.05500242672250341
2026-03-27,2135586.3921262594,1732615.4937659795,0.05959626784383284
2026-03-30,2134751.440370337,1692053.4905531206,0.05902965334249717
2026-04-01,2135071.013201798,1725609.2490801285,0.049809273190134874
2026-04-02,2134229.227865465,1725872.9491903174,0.04943449778639443
2026-04-06,2135132.097650283,1746949.478326966,0.049836457398815405
2026-04-07,2135569.9514472596,1755389.8137219523,0.05003126849109298
2026-04-08,2136206.324177135,1824681.6058628357,0.05499545854846084
2026-04-09,2136939.6753430143,1816471.9678169952,0.07403812065622623
2026-04-10,2138303.6697057295,1841962.334512283,0.0933351958883857
2026-04-13,2137815.322639304,1828139.4902747704,0.08991798766674895
2026-04-15,2141216.6437724726,1862470.089235441,0.0913636523034722
2026-04-16,2152187.1036990182,1867477.4935256229,0.4367460782121382
2026-04-17,2153672.162999822,1885042.5288872763,0.4557073974773623
2026-04-20,2170134.879505558,1884745.8260160442,0.45983641954696797
2026-04-21,2165715.9788979283,1899298.1117671505,0.4587342763309873
