date,symbol,decision,reason
2021-05-03,TITAN,REDUCE,exposure_floor_uptrend
2021-05-06,POWERGRID,REDUCE,exposure_floor_uptrend
2021-05-07,POWERGRID,REDUCE,exposure_floor_uptrend
2021-05-10,POWERGRID,REDUCE,exposure_floor_uptrend
2021-05-10,TATACONSUM,REDUCE,exposure_floor_uptrend
2021-05-11,POWERGRID,REDUCE,exposure_floor_uptrend
2021-05-11,TATACONSUM,REDUCE,exposure_floor_uptrend
2021-05-12,TATACONSUM,REDUCE,exposure_floor_uptrend
2021-05-12,TECHM,REDUCE,exposure_floor_uptrend
2021-05-14,TECHM,REDUCE,exposure_floor_uptrend
2021-05-17,TECHM,REDUCE,exposure_floor_uptrend
2021-05-18,TECHM,REDUCE,exposure_floor_uptrend
2021-05-19,ITC,REDUCE,exposure_floor_uptrend
2021-05-19,TECHM,REDUCE,exposure_floor_uptrend
2021-05-19,ULTRACEMCO,REDUCE,exposure_floor_uptrend
2021-05-20,ITC,REDUCE,exposure_floor_uptrend
2021-05-20,INFY,REDUCE,exposure_floor_uptrend
2021-05-20,TECHM,REDUCE,exposure_floor_uptrend
2021-05-21,GRASIM,REDUCE,exposure_floor_uptrend
2021-05-21,ITC,REDUCE,exposure_floor_uptrend
2021-05-21,INFY,REDUCE,exposure_floor_uptrend
2021-05-21,TCS,REDUCE,exposure_floor_uptrend
2021-05-21,TECHM,REDUCE,exposure_floor_uptrend
2021-05-24,GRASIM,REDUCE,exposure_floor_uptrend
2021-05-24,ITC,REDUCE,exposure_floor_uptrend
2021-05-24,INFY,REDUCE,exposure_floor_uptrend
2021-05-24,TCS,REDUCE,exposure_floor_uptrend
2021-05-24,TATACONSUM,REDUCE,exposure_floor_uptrend
2021-05-24,TECHM,REDUCE,exposure_floor_uptrend
2021-05-25,GRASIM,REDUCE,exposure_floor_uptrend
2021-05-25,ITC,REDUCE,exposure_floor_uptrend
2021-05-25,INFY,REDUCE,exposure_floor_uptrend
2021-05-25,TECHM,REDUCE,exposure_floor_uptrend
2021-05-25,ULTRACEMCO,REDUCE,exposure_floor_uptrend
2021-05-26,GRASIM,REDUCE,exposure_floor_uptrend
2021-05-26,ITC,REDUCE,exposure_floor_uptrend
2021-05-26,TECHM,REDUCE,exposure_floor_uptrend
2021-05-26,ULTRACEMCO,REDUCE,exposure_floor_uptrend
2021-05-27,GRASIM,REDUCE,exposure_floor_uptrend
2021-05-27,ITC,REDUCE,exposure_floor_uptrend
2021-05-27,TECHM,REDUCE,exposure_floor_uptrend
2021-05-27,ULTRACEMCO,REDUCE,exposure_floor_uptrend
2021-05-28,ITC,REDUCE,exposure_floor_uptrend
2021-05-28,TECHM,REDUCE,exposure_floor_uptrend
2021-05-28,ULTRACEMCO,REDUCE,exposure_floor_uptrend
2021-05-31,ITC,REDUCE,exposure_floor_uptrend
2021-05-31,TECHM,REDUCE,exposure_floor_uptrend
2021-05-31,ULTRACEMCO,REDUCE,exposure_floor_uptrend
2021-06-01,ITC,REDUCE,exposure_floor_uptrend
2021-06-01,TECHM,REDUCE,exposure_floor_uptrend
2021-06-01,ULTRACEMCO,REDUCE,exposure_floor_uptrend
2021-06-02,ITC,REDUCE,exposure_floor_uptrend
2021-06-02,TECHM,REDUCE,exposure_floor_uptrend
2021-06-02,ULTRACEMCO,REDUCE,exposure_floor_uptrend
2021-06-03,ITC,REDUCE,exposure_floor_uptrend
2021-06-03,TECHM,REDUCE,exposure_floor_uptrend
2021-06-03,ULTRACEMCO,REDUCE,exposure_floor_uptrend
2021-06-04,ITC,REDUCE,exposure_floor_uptrend
2021-06-04,TECHM,REDUCE,exposure_floor_uptrend
2021-06-04,ULTRACEMCO,REDUCE,exposure_floor_uptrend
2021-06-07,ITC,REDUCE,exposure_floor_uptrend
2021-06-07,TECHM,REDUCE,exposure_floor_uptrend
2021-06-07,ULTRACEMCO,REDUCE,exposure_floor_uptrend
2021-06-08,ITC,REDUCE,exposure_floor_uptrend
2021-06-08,TECHM,REDUCE,exposure_floor_uptrend
2021-06-08,ULTRACEMCO,REDUCE,exposure_floor_uptrend
2021-06-09,ITC,REDUCE,exposure_floor_uptrend
2021-06-09,TECHM,REDUCE,exposure_floor_uptrend
2021-06-09,ULTRACEMCO,REDUCE,exposure_floor_uptrend
2021-06-10,ITC,REDUCE,exposure_floor_uptrend
2021-06-10,TECHM,REDUCE,exposure_floor_uptrend
2021-06-10,ULTRACEMCO,REDUCE,exposure_floor_uptrend
2021-06-11,ITC,REDUCE,exposure_floor_uptrend
2021-06-11,TECHM,REDUCE,exposure_floor_uptrend
2021-06-11,ULTRACEMCO,REDUCE,exposure_floor_uptrend
2021-06-14,ADANIPORTS,REDUCE,exposure_floor_uptrend
2021-06-14,ITC,REDUCE,exposure_floor_uptrend
2021-06-14,TECHM,REDUCE,exposure_floor_uptrend
2021-06-14,ULTRACEMCO,REDUCE,exposure_floor_uptrend
2021-06-15,ADANIPORTS,REDUCE,exposure_floor_uptrend
2021-06-15,ITC,REDUCE,exposure_floor_uptrend
2021-06-15,TECHM,REDUCE,exposure_floor_uptrend
2021-06-15,ULTRACEMCO,REDUCE,exposure_floor_uptrend
2021-06-16,ADANIPORTS,EXIT,exposure_floor_uptrend
2021-06-16,ITC,REDUCE,exposure_floor_uptrend
2021-06-16,TECHM,REDUCE,exposure_floor_uptrend
2021-06-16,ULTRACEMCO,REDUCE,exposure_floor_uptrend
2021-06-17,ADANIENT,EXIT,exposure_floor_uptrend
2021-06-17,ADANIPORTS,EXIT,exposure_floor_uptrend
2021-06-17,HINDALCO,REDUCE,exposure_floor_uptrend
2021-06-17,ITC,REDUCE,exposure_floor_uptrend
2021-06-17,TECHM,REDUCE,exposure_floor_uptrend
2021-06-17,ULTRACEMCO,REDUCE,exposure_floor_uptrend
2021-06-18,ADANIENT,EXIT,exposure_floor_uptrend
2021-06-18,ADANIPORTS,EXIT,exposure_floor_uptrend
2021-06-18,HINDALCO,REDUCE,exposure_floor_uptrend
2021-06-18,ITC,REDUCE,exposure_floor_uptrend
2021-06-18,TECHM,REDUCE,exposure_floor_uptrend
2021-06-18,ULTRACEMCO,REDUCE,exposure_floor_uptrend
2021-06-21,ADANIENT,EXIT,exposure_floor_uptrend
2021-06-21,ADANIPORTS,EXIT,exposure_floor_uptrend
2021-06-21,HINDALCO,REDUCE,exposure_floor_uptrend
2021-06-21,ITC,REDUCE,exposure_floor_uptrend
2021-06-21,TECHM,REDUCE,exposure_floor_uptrend
2021-06-21,ULTRACEMCO,REDUCE,exposure_floor_uptrend
2021-06-22,ADANIENT,EXIT,exposure_floor_uptrend
2021-06-22,ADANIPORTS,EXIT,exposure_floor_uptrend
2021-06-22,HINDALCO,REDUCE,exposure_floor_uptrend
2021-06-22,ITC,REDUCE,exposure_floor_uptrend
2021-06-22,TECHM,REDUCE,exposure_floor_uptrend
2021-06-22,ULTRACEMCO,REDUCE,exposure_floor_uptrend
2021-06-23,ADANIENT,EXIT,exposure_floor_uptrend
2021-06-23,ADANIPORTS,EXIT,exposure_floor_uptrend
2021-06-23,HINDALCO,REDUCE,exposure_floor_uptrend
2021-06-23,ITC,REDUCE,exposure_floor_uptrend
2021-06-23,SUNPHARMA,REDUCE,exposure_floor_uptrend
2021-06-23,TECHM,REDUCE,exposure_floor_uptrend
2021-06-23,ULTRACEMCO,REDUCE,exposure_floor_uptrend
2021-06-24,ADANIENT,EXIT,exposure_floor_uptrend
2021-06-24,ADANIPORTS,EXIT,exposure_floor_uptrend
2021-06-24,APOLLOHOSP,REDUCE,exposure_floor_uptrend
2021-06-24,HINDALCO,REDUCE,exposure_floor_uptrend
2021-06-24,ITC,REDUCE,exposure_floor_uptrend
2021-06-24,SUNPHARMA,REDUCE,exposure_floor_uptrend
2021-06-24,TECHM,REDUCE,exposure_floor_uptrend
2021-06-24,ULTRACEMCO,REDUCE,exposure_floor_uptrend
2021-06-25,ADANIENT,EXIT,exposure_floor_uptrend
2021-06-25,ADANIPORTS,EXIT,exposure_floor_uptrend
2021-06-25,HINDALCO,REDUCE,exposure_floor_uptrend
2021-06-25,ITC,REDUCE,exposure_floor_uptrend
2021-06-25,JSWSTEEL,REDUCE,exposure_floor_uptrend
2021-06-25,SUNPHARMA,REDUCE,exposure_floor_uptrend
2021-06-25,TECHM,REDUCE,exposure_floor_uptrend
2021-06-25,ULTRACEMCO,REDUCE,exposure_floor_uptrend
2021-06-28,ADANIENT,EXIT,exposure_floor_uptrend
2021-06-28,ADANIPORTS,EXIT,exposure_floor_uptrend
2021-06-28,HINDALCO,REDUCE,exposure_floor_uptrend
2021-06-28,ITC,REDUCE,exposure_floor_uptrend
2021-06-28,JSWSTEEL,REDUCE,exposure_floor_uptrend
2021-06-28,SUNPHARMA,REDUCE,exposure_floor_uptrend
2021-06-28,ULTRACEMCO,REDUCE,exposure_floor_uptrend
2021-06-29,ADANIENT,EXIT,exposure_floor_uptrend
2021-06-29,ADANIPORTS,EXIT,exposure_floor_uptrend
2021-06-29,HINDALCO,REDUCE,exposure_floor_uptrend
2021-06-29,ITC,REDUCE,exposure_floor_uptrend
2021-06-29,JSWSTEEL,REDUCE,exposure_floor_uptrend
2021-06-29,SUNPHARMA,REDUCE,exposure_floor_uptrend
2021-06-29,ULTRACEMCO,REDUCE,exposure_floor_uptrend
2021-06-30,ADANIENT,EXIT,exposure_floor_uptrend
2021-06-30,ADANIPORTS,EXIT,exposure_floor_uptrend
2021-06-30,HINDALCO,REDUCE,exposure_floor_uptrend
2021-06-30,ITC,REDUCE,exposure_floor_uptrend
2021-06-30,JSWSTEEL,REDUCE,exposure_floor_uptrend
2021-06-30,SUNPHARMA,REDUCE,exposure_floor_uptrend
2021-06-30,ULTRACEMCO,REDUCE,exposure_floor_uptrend
2021-07-01,ADANIENT,EXIT,exposure_floor_uptrend
2021-07-01,ADANIPORTS,EXIT,exposure_floor_uptrend
2021-07-01,HINDALCO,REDUCE,exposure_floor_uptrend
2021-07-01,ITC,REDUCE,exposure_floor_uptrend
2021-07-01,JSWSTEEL,REDUCE,exposure_floor_uptrend
2021-07-01,SUNPHARMA,REDUCE,exposure_floor_uptrend
2021-07-01,ULTRACEMCO,REDUCE,exposure_floor_uptrend
2021-07-02,ADANIENT,EXIT,exposure_floor_uptrend
2021-07-02,ADANIPORTS,EXIT,exposure_floor_uptrend
2021-07-02,HINDALCO,REDUCE,exposure_floor_uptrend
2021-07-02,ITC,REDUCE,exposure_floor_uptrend
2021-07-02,JSWSTEEL,REDUCE,exposure_floor_uptrend
2021-07-02,SUNPHARMA,REDUCE,exposure_floor_uptrend
2021-07-02,ULTRACEMCO,REDUCE,exposure_floor_uptrend
2021-07-05,ADANIENT,EXIT,exposure_floor_uptrend
2021-07-05,ADANIPORTS,EXIT,exposure_floor_uptrend
2021-07-05,HINDALCO,REDUCE,exposure_floor_uptrend
2021-07-05,ITC,REDUCE,exposure_floor_uptrend
2021-07-05,JSWSTEEL,REDUCE,exposure_floor_uptrend
2021-07-05,SUNPHARMA,REDUCE,exposure_floor_uptrend
2021-07-05,ULTRACEMCO,REDUCE,exposure_floor_uptrend
2021-07-06,ADANIENT,EXIT,exposure_floor_uptrend
2021-07-06,ADANIPORTS,EXIT,exposure_floor_uptrend
2021-07-06,HINDALCO,REDUCE,exposure_floor_uptrend
2021-07-06,ITC,REDUCE,exposure_floor_uptrend
2021-07-06,JSWSTEEL,REDUCE,exposure_floor_uptrend
2021-07-06,POWERGRID,REDUCE,exposure_floor_uptrend
2021-07-06,SUNPHARMA,REDUCE,exposure_floor_uptrend
2021-07-06,ULTRACEMCO,REDUCE,exposure_floor_uptrend
2021-07-07,ADANIENT,EXIT,exposure_floor_uptrend
2021-07-07,ADANIPORTS,EXIT,exposure_floor_uptrend
2021-07-07,HINDALCO,REDUCE,exposure_floor_uptrend
2021-07-07,ITC,REDUCE,exposure_floor_uptrend
2021-07-07,JSWSTEEL,REDUCE,exposure_floor_uptrend
2021-07-07,POWERGRID,REDUCE,exposure_floor_uptrend
2021-07-07,SUNPHARMA,REDUCE,exposure_floor_uptrend
2021-07-07,ULTRACEMCO,REDUCE,exposure_floor_uptrend
2021-07-08,ADANIENT,EXIT,exposure_floor_uptrend
2021-07-08,ADANIPORTS,EXIT,exposure_floor_uptrend
2021-07-08,HINDALCO,REDUCE,exposure_floor_uptrend
2021-07-08,ITC,REDUCE,exposure_floor_uptrend
2021-07-08,JSWSTEEL,REDUCE,exposure_floor_uptrend
2021-07-08,POWERGRID,REDUCE,exposure_floor_uptrend
2021-07-08,SUNPHARMA,REDUCE,exposure_floor_uptrend
2021-07-09,ADANIENT,EXIT,exposure_floor_uptrend
2021-07-09,ADANIPORTS,EXIT,exposure_floor_uptrend
2021-07-09,HINDALCO,REDUCE,exposure_floor_uptrend
2021-07-09,ITC,REDUCE,exposure_floor_uptrend
2021-07-09,JSWSTEEL,REDUCE,exposure_floor_uptrend
2021-07-09,POWERGRID,REDUCE,exposure_floor_uptrend
2021-07-09,SUNPHARMA,REDUCE,exposure_floor_uptrend
2021-07-09,WIPRO,REDUCE,exposure_floor_uptrend
2021-07-12,ADANIENT,EXIT,exposure_floor_uptrend
2021-07-12,ADANIPORTS,EXIT,exposure_floor_uptrend
2021-07-12,HINDALCO,REDUCE,exposure_floor_uptrend
2021-07-12,ITC,REDUCE,exposure_floor_uptrend
2021-07-12,JSWSTEEL,REDUCE,exposure_floor_uptrend
2021-07-12,POWERGRID,REDUCE,exposure_floor_uptrend
2021-07-12,SUNPHARMA,REDUCE,exposure_floor_uptrend
2021-07-12,TCS,REDUCE,exposure_floor_uptrend
2021-07-12,WIPRO,REDUCE,exposure_floor_uptrend
2021-07-13,ADANIENT,EXIT,exposure_floor_uptrend
2021-07-13,ADANIPORTS,EXIT,exposure_floor_uptrend
2021-07-13,HINDALCO,REDUCE,exposure_floor_uptrend
2021-07-13,ITC,REDUCE,exposure_floor_uptrend
2021-07-13,JSWSTEEL,REDUCE,exposure_floor_uptrend
2021-07-13,POWERGRID,REDUCE,exposure_floor_uptrend
2021-07-13,SUNPHARMA,REDUCE,exposure_floor_uptrend
2021-07-13,TCS,REDUCE,exposure_floor_uptrend
2021-07-13,WIPRO,REDUCE,exposure_floor_uptrend
2021-07-14,ADANIENT,EXIT,exposure_floor_uptrend
2021-07-14,ADANIPORTS,EXIT,exposure_floor_uptrend
2021-07-14,HINDALCO,REDUCE,exposure_floor_uptrend
2021-07-14,ITC,REDUCE,exposure_floor_uptrend
2021-07-14,JSWSTEEL,REDUCE,exposure_floor_uptrend
2021-07-14,POWERGRID,REDUCE,exposure_floor_uptrend
2021-07-14,SUNPHARMA,REDUCE,exposure_floor_uptrend
2021-07-14,TCS,REDUCE,exposure_floor_uptrend
2021-07-15,ADANIENT,EXIT,exposure_floor_uptrend
2021-07-15,ADANIPORTS,EXIT,exposure_floor_uptrend
2021-07-15,HINDALCO,REDUCE,exposure_floor_uptrend
2021-07-15,ITC,REDUCE,exposure_floor_uptrend
2021-07-15,JSWSTEEL,REDUCE,exposure_floor_uptrend
2021-07-15,POWERGRID,REDUCE,exposure_floor_uptrend
2021-07-15,SUNPHARMA,REDUCE,exposure_floor_uptrend
2021-07-15,TCS,REDUCE,exposure_floor_uptrend
2021-07-16,ADANIENT,EXIT,exposure_floor_uptrend
2021-07-16,ADANIPORTS,EXIT,exposure_floor_uptrend
2021-07-16,HINDALCO,REDUCE,exposure_floor_uptrend
2021-07-16,ITC,REDUCE,exposure_floor_uptrend
2021-07-16,JSWSTEEL,REDUCE,exposure_floor_uptrend
2021-07-16,POWERGRID,REDUCE,exposure_floor_uptrend
2021-07-16,SUNPHARMA,REDUCE,exposure_floor_uptrend
2021-07-16,TCS,REDUCE,exposure_floor_uptrend
2021-07-19,ADANIENT,EXIT,exposure_floor_uptrend
2021-07-19,ADANIPORTS,EXIT,exposure_floor_uptrend
2021-07-19,HINDALCO,REDUCE,exposure_floor_uptrend
2021-07-19,ITC,REDUCE,exposure_floor_uptrend
2021-07-19,JSWSTEEL,REDUCE,exposure_floor_uptrend
2021-07-19,SUNPHARMA,REDUCE,exposure_floor_uptrend
2021-07-19,TCS,REDUCE,exposure_floor_uptrend
2021-07-20,ADANIENT,EXIT,exposure_floor_uptrend
2021-07-20,ADANIPORTS,EXIT,exposure_floor_uptrend
2021-07-20,HDFCLIFE,EXIT,exposure_floor_uptrend
2021-07-20,HINDALCO,REDUCE,exposure_floor_uptrend
2021-07-20,ITC,REDUCE,exposure_floor_uptrend
2021-07-20,JSWSTEEL,REDUCE,exposure_floor_uptrend
2021-07-20,POWERGRID,REDUCE,exposure_floor_uptrend
2021-07-20,SUNPHARMA,REDUCE,exposure_floor_uptrend
2021-07-20,TCS,REDUCE,exposure_floor_uptrend
2021-07-22,ADANIENT,EXIT,exposure_floor_uptrend
2021-07-22,ADANIPORTS,EXIT,exposure_floor_uptrend
2021-07-22,CIPLA,REDUCE,exposure_floor_uptrend
2021-07-22,HDFCLIFE,EXIT,exposure_floor_uptrend
2021-07-22,HINDALCO,REDUCE,exposure_floor_uptrend
2021-07-22,ITC,REDUCE,exposure_floor_uptrend
2021-07-22,JSWSTEEL,REDUCE,exposure_floor_uptrend
2021-07-22,POWERGRID,REDUCE,exposure_floor_uptrend
2021-07-22,SUNPHARMA,REDUCE,exposure_floor_uptrend
2021-07-22,TCS,REDUCE,exposure_floor_uptrend
2021-07-23,ADANIENT,EXIT,exposure_floor_uptrend
2021-07-23,ADANIPORTS,EXIT,exposure_floor_uptrend
2021-07-23,CIPLA,REDUCE,exposure_floor_uptrend
2021-07-23,HDFCLIFE,EXIT,exposure_floor_uptrend
2021-07-23,HINDALCO,REDUCE,exposure_floor_uptrend
2021-07-23,ITC,REDUCE,exposure_floor_uptrend
2021-07-23,JSWSTEEL,REDUCE,exposure_floor_uptrend
2021-07-23,POWERGRID,REDUCE,exposure_floor_uptrend
2021-07-23,SUNPHARMA,REDUCE,exposure_floor_uptrend
2021-07-23,TCS,REDUCE,exposure_floor_uptrend
2021-07-26,ADANIENT,EXIT,exposure_floor_uptrend
2021-07-26,ADANIPORTS,EXIT,exposure_floor_uptrend
2021-07-26,CIPLA,REDUCE,exposure_floor_uptrend
2021-07-26,HDFCLIFE,EXIT,exposure_floor_uptrend
2021-07-26,HINDALCO,REDUCE,exposure_floor_uptrend
2021-07-26,ITC,REDUCE,exposure_floor_uptrend
2021-07-26,JSWSTEEL,REDUCE,exposure_floor_uptrend
2021-07-26,POWERGRID,REDUCE,exposure_floor_uptrend
2021-07-26,SUNPHARMA,REDUCE,exposure_floor_uptrend
2021-07-26,TCS,REDUCE,exposure_floor_uptrend
2021-07-27,ADANIENT,EXIT,exposure_floor_uptrend
2021-07-27,ADANIPORTS,EXIT,exposure_floor_uptrend
2021-07-27,CIPLA,REDUCE,exposure_floor_uptrend
2021-07-27,HDFCLIFE,EXIT,exposure_floor_uptrend
2021-07-27,HINDALCO,REDUCE,exposure_floor_uptrend
2021-07-27,ITC,REDUCE,exposure_floor_uptrend
2021-07-27,JSWSTEEL,REDUCE,exposure_floor_uptrend
2021-07-27,POWERGRID,REDUCE,exposure_floor_uptrend
2021-07-27,SUNPHARMA,REDUCE,exposure_floor_uptrend
2021-07-27,TCS,REDUCE,exposure_floor_uptrend
2021-07-28,ADANIENT,EXIT,exposure_floor_uptrend
2021-07-28,ADANIPORTS,EXIT,exposure_floor_uptrend
2021-07-28,CIPLA,REDUCE,exposure_floor_uptrend
2021-07-28,HDFCLIFE,EXIT,exposure_floor_uptrend
2021-07-28,HINDALCO,REDUCE,exposure_floor_uptrend
2021-07-28,ITC,REDUCE,exposure_floor_uptrend
2021-07-28,JSWSTEEL,REDUCE,exposure_floor_uptrend
2021-07-28,POWERGRID,REDUCE,exposure_floor_uptrend
2021-07-28,SUNPHARMA,REDUCE,exposure_floor_uptrend
2021-07-28,TCS,REDUCE,exposure_floor_uptrend
2021-07-29,ADANIENT,EXIT,exposure_floor_uptrend
2021-07-29,ADANIPORTS,EXIT,exposure_floor_uptrend
2021-07-29,CIPLA,REDUCE,exposure_floor_uptrend
2021-07-29,HDFCLIFE,EXIT,exposure_floor_uptrend
2021-07-29,ITC,REDUCE,exposure_floor_uptrend
2021-07-29,POWERGRID,REDUCE,exposure_floor_uptrend
2021-07-29,SUNPHARMA,REDUCE,exposure_floor_uptrend
2021-07-29,TCS,REDUCE,exposure_floor_uptrend
2021-07-30,ADANIENT,EXIT,exposure_floor_uptrend
2021-07-30,ADANIPORTS,EXIT,exposure_floor_uptrend
2021-07-30,CIPLA,REDUCE,exposure_floor_uptrend
2021-07-30,HDFCLIFE,EXIT,exposure_floor_uptrend
2021-07-30,ITC,REDUCE,exposure_floor_uptrend
2021-07-30,POWERGRID,REDUCE,exposure_floor_uptrend
2021-07-30,TCS,REDUCE,exposure_floor_uptrend
2021-08-02,ADANIENT,EXIT,exposure_floor_uptrend
2021-08-02,ADANIPORTS,EXIT,exposure_floor_uptrend
2021-08-02,CIPLA,REDUCE,exposure_floor_uptrend
2021-08-02,HDFCLIFE,EXIT,exposure_floor_uptrend
2021-08-02,ITC,REDUCE,exposure_floor_uptrend
2021-08-02,POWERGRID,REDUCE,exposure_floor_uptrend
2021-08-02,TCS,REDUCE,exposure_floor_uptrend
2021-08-03,ADANIENT,EXIT,exposure_floor_uptrend
2021-08-03,ADANIPORTS,EXIT,exposure_floor_uptrend
2021-08-03,CIPLA,REDUCE,exposure_floor_uptrend
2021-08-03,HDFCLIFE,EXIT,exposure_floor_uptrend
2021-08-03,ITC,REDUCE,exposure_floor_uptrend
2021-08-03,POWERGRID,REDUCE,exposure_floor_uptrend
2021-08-03,TCS,REDUCE,exposure_floor_uptrend
2021-08-04,ADANIENT,EXIT,exposure_floor_uptrend
2021-08-04,ADANIPORTS,EXIT,exposure_floor_uptrend
2021-08-04,CIPLA,REDUCE,exposure_floor_uptrend
2021-08-04,HDFCLIFE,EXIT,exposure_floor_uptrend
2021-08-04,ITC,REDUCE,exposure_floor_uptrend
2021-08-04,POWERGRID,REDUCE,exposure_floor_uptrend
2021-08-04,TCS,REDUCE,exposure_floor_uptrend
2021-08-05,ADANIENT,EXIT,exposure_floor_uptrend
2021-08-05,ADANIPORTS,EXIT,exposure_floor_uptrend
2021-08-05,CIPLA,REDUCE,exposure_floor_uptrend
2021-08-05,HDFCLIFE,EXIT,exposure_floor_uptrend
2021-08-05,ITC,REDUCE,exposure_floor_uptrend
2021-08-05,POWERGRID,REDUCE,exposure_floor_uptrend
2021-08-05,TCS,REDUCE,exposure_floor_uptrend
2021-08-06,ADANIENT,EXIT,exposure_floor_uptrend
2021-08-06,ADANIPORTS,EXIT,exposure_floor_uptrend
2021-08-06,CIPLA,REDUCE,exposure_floor_uptrend
2021-08-06,HDFCLIFE,EXIT,exposure_floor_uptrend
2021-08-06,ITC,REDUCE,exposure_floor_uptrend
2021-08-06,POWERGRID,REDUCE,exposure_floor_uptrend
2021-08-06,TCS,REDUCE,exposure_floor_uptrend
2021-08-09,ADANIENT,EXIT,exposure_floor_uptrend
2021-08-09,ADANIPORTS,EXIT,exposure_floor_uptrend
2021-08-09,CIPLA,REDUCE,exposure_floor_uptrend
2021-08-09,GRASIM,REDUCE,exposure_floor_uptrend
2021-08-09,HDFCLIFE,EXIT,exposure_floor_uptrend
2021-08-09,ITC,REDUCE,exposure_floor_uptrend
2021-08-09,POWERGRID,REDUCE,exposure_floor_uptrend
2021-08-09,TCS,REDUCE,exposure_floor_uptrend
2021-08-10,ADANIENT,EXIT,exposure_floor_uptrend
2021-08-10,ADANIPORTS,EXIT,exposure_floor_uptrend
2021-08-10,CIPLA,REDUCE,exposure_floor_uptrend
2021-08-10,GRASIM,REDUCE,exposure_floor_uptrend
2021-08-10,HDFCLIFE,EXIT,exposure_floor_uptrend
2021-08-10,ITC,REDUCE,exposure_floor_uptrend
2021-08-10,POWERGRID,REDUCE,exposure_floor_uptrend
2021-08-11,ADANIENT,EXIT,exposure_floor_uptrend
2021-08-11,ADANIPORTS,EXIT,exposure_floor_uptrend
2021-08-11,CIPLA,REDUCE,exposure_floor_uptrend
2021-08-11,GRASIM,REDUCE,exposure_floor_uptrend
2021-08-11,HDFCLIFE,EXIT,exposure_floor_uptrend
2021-08-11,ITC,REDUCE,exposure_floor_uptrend
2021-08-11,POWERGRID,REDUCE,exposure_floor_uptrend
2021-08-12,ADANIENT,EXIT,exposure_floor_uptrend
2021-08-12,ADANIPORTS,EXIT,exposure_floor_uptrend
2021-08-12,CIPLA,REDUCE,exposure_floor_uptrend
2021-08-12,GRASIM,REDUCE,exposure_floor_uptrend
2021-08-12,HDFCLIFE,EXIT,exposure_floor_uptrend
2021-08-12,ITC,REDUCE,exposure_floor_uptrend
2021-08-13,ADANIENT,EXIT,exposure_floor_uptrend
2021-08-13,ADANIPORTS,EXIT,exposure_floor_uptrend
2021-08-13,CIPLA,REDUCE,exposure_floor_uptrend
2021-08-13,GRASIM,REDUCE,exposure_floor_uptrend
2021-08-13,HDFCLIFE,EXIT,exposure_floor_uptrend
2021-08-13,ITC,REDUCE,exposure_floor_uptrend
2021-08-16,ADANIENT,EXIT,exposure_floor_uptrend
2021-08-16,ADANIPORTS,EXIT,exposure_floor_uptrend
2021-08-16,CIPLA,REDUCE,exposure_floor_uptrend
2021-08-16,GRASIM,REDUCE,exposure_floor_uptrend
2021-08-16,HDFCLIFE,EXIT,exposure_floor_uptrend
2021-08-16,ITC,REDUCE,exposure_floor_uptrend
2021-08-17,ADANIENT,EXIT,exposure_floor_uptrend
2021-08-17,ADANIPORTS,EXIT,exposure_floor_uptrend
2021-08-17,CIPLA,REDUCE,exposure_floor_uptrend
2021-08-17,GRASIM,REDUCE,exposure_floor_uptrend
2021-08-17,HDFCLIFE,EXIT,exposure_floor_uptrend
2021-08-17,ITC,REDUCE,exposure_floor_uptrend
2021-08-18,ADANIENT,EXIT,exposure_floor_uptrend
2021-08-18,ADANIPORTS,EXIT,exposure_floor_uptrend
2021-08-18,CIPLA,REDUCE,exposure_floor_uptrend
2021-08-18,GRASIM,REDUCE,exposure_floor_uptrend
2021-08-18,HDFCLIFE,EXIT,exposure_floor_uptrend
2021-08-18,ITC,REDUCE,exposure_floor_uptrend
2021-08-20,ADANIENT,EXIT,exposure_floor_uptrend
2021-08-20,ADANIPORTS,EXIT,exposure_floor_uptrend
2021-08-20,CIPLA,REDUCE,exposure_floor_uptrend
2021-08-20,GRASIM,REDUCE,exposure_floor_uptrend
2021-08-20,HDFCLIFE,EXIT,exposure_floor_uptrend
2021-08-20,ITC,REDUCE,exposure_floor_uptrend
2021-08-20,JSWSTEEL,REDUCE,exposure_floor_uptrend
2021-09-20,JSWSTEEL,EXIT,exposure_floor_uptrend
2021-09-20,TATASTEEL,EXIT,exposure_floor_uptrend
2021-09-21,JSWSTEEL,EXIT,exposure_floor_uptrend
2021-09-21,TATASTEEL,EXIT,exposure_floor_uptrend
2021-09-22,JSWSTEEL,EXIT,exposure_floor_uptrend
2021-09-22,TATASTEEL,EXIT,exposure_floor_uptrend
2021-09-23,JSWSTEEL,EXIT,exposure_floor_uptrend
2021-09-23,TATASTEEL,EXIT,exposure_floor_uptrend
2021-09-24,JSWSTEEL,EXIT,exposure_floor_uptrend
2021-09-24,TATASTEEL,EXIT,exposure_floor_uptrend
2021-09-24,ULTRACEMCO,REDUCE,exposure_floor_uptrend
2021-09-27,JSWSTEEL,EXIT,exposure_floor_uptrend
2021-09-27,TATASTEEL,EXIT,exposure_floor_uptrend
2021-09-27,ULTRACEMCO,REDUCE,exposure_floor_uptrend
2021-09-28,JSWSTEEL,EXIT,exposure_floor_uptrend
2021-09-28,TATASTEEL,EXIT,exposure_floor_uptrend
2021-09-28,ULTRACEMCO,REDUCE,exposure_floor_uptrend
2021-09-29,JSWSTEEL,EXIT,exposure_floor_uptrend
2021-09-29,TATASTEEL,EXIT,exposure_floor_uptrend
2021-09-29,ULTRACEMCO,REDUCE,exposure_floor_uptrend
2021-09-30,INFY,REDUCE,exposure_floor_uptrend
2021-09-30,JSWSTEEL,EXIT,exposure_floor_uptrend
2021-09-30,TATACONSUM,REDUCE,exposure_floor_uptrend
2021-09-30,TATASTEEL,EXIT,exposure_floor_uptrend
2021-09-30,ULTRACEMCO,REDUCE,exposure_floor_uptrend
2021-10-01,INFY,REDUCE,exposure_floor_uptrend
2021-10-01,JSWSTEEL,EXIT,exposure_floor_uptrend
2021-10-01,TATACONSUM,REDUCE,exposure_floor_uptrend
2021-10-01,TATASTEEL,EXIT,exposure_floor_uptrend
2021-10-01,ULTRACEMCO,REDUCE,exposure_floor_uptrend
2021-10-04,INFY,REDUCE,exposure_floor_uptrend
2021-10-04,JSWSTEEL,EXIT,exposure_floor_uptrend
2021-10-04,TATACONSUM,REDUCE,exposure_floor_uptrend
2021-10-04,TATASTEEL,EXIT,exposure_floor_uptrend
2021-10-04,ULTRACEMCO,REDUCE,exposure_floor_uptrend
2021-10-05,INFY,REDUCE,exposure_floor_uptrend
2021-10-05,JSWSTEEL,EXIT,exposure_floor_uptrend
2021-10-05,TATACONSUM,REDUCE,exposure_floor_uptrend
2021-10-05,TATASTEEL,EXIT,exposure_floor_uptrend
2021-10-05,ULTRACEMCO,REDUCE,exposure_floor_uptrend
2021-10-06,APOLLOHOSP,REDUCE,exposure_floor_uptrend
2021-10-06,INFY,REDUCE,exposure_floor_uptrend
2021-10-06,JSWSTEEL,EXIT,exposure_floor_uptrend
2021-10-06,TATACONSUM,REDUCE,exposure_floor_uptrend
2021-10-06,TATASTEEL,EXIT,exposure_floor_uptrend
2021-10-06,ULTRACEMCO,REDUCE,exposure_floor_uptrend
2021-10-07,APOLLOHOSP,REDUCE,exposure_floor_uptrend
2021-10-07,INFY,REDUCE,exposure_floor_uptrend
2021-10-07,JSWSTEEL,EXIT,exposure_floor_uptrend
2021-10-07,TATACONSUM,REDUCE,exposure_floor_uptrend
2021-10-07,TATASTEEL,EXIT,exposure_floor_uptrend
2021-10-07,ULTRACEMCO,REDUCE,exposure_floor_uptrend
2021-10-08,APOLLOHOSP,REDUCE,exposure_floor_uptrend
2021-10-08,INFY,REDUCE,exposure_floor_uptrend
2021-10-08,JSWSTEEL,EXIT,exposure_floor_uptrend
2021-10-08,TATACONSUM,REDUCE,exposure_floor_uptrend
2021-10-08,TATASTEEL,EXIT,exposure_floor_uptrend
2021-10-08,ULTRACEMCO,REDUCE,exposure_floor_uptrend
2021-10-11,APOLLOHOSP,REDUCE,exposure_floor_uptrend
2021-10-11,INFY,REDUCE,exposure_floor_uptrend
2021-10-11,JSWSTEEL,EXIT,exposure_floor_uptrend
2021-10-11,TATACONSUM,REDUCE,exposure_floor_uptrend
2021-10-11,TATASTEEL,EXIT,exposure_floor_uptrend
2021-10-11,ULTRACEMCO,REDUCE,exposure_floor_uptrend
2021-10-12,APOLLOHOSP,REDUCE,exposure_floor_uptrend
2021-10-12,INFY,REDUCE,exposure_floor_uptrend
2021-10-12,JSWSTEEL,EXIT,exposure_floor_uptrend
2021-10-12,MAXHEALTH,EXIT,exposure_floor_uptrend
2021-10-12,TATACONSUM,REDUCE,exposure_floor_uptrend
2021-10-12,TATASTEEL,EXIT,exposure_floor_uptrend
2021-10-12,ULTRACEMCO,REDUCE,exposure_floor_uptrend
2021-10-13,APOLLOHOSP,REDUCE,exposure_floor_uptrend
2021-10-13,INFY,REDUCE,exposure_floor_uptrend
2021-10-13,JSWSTEEL,EXIT,exposure_floor_uptrend
2021-10-13,MAXHEALTH,EXIT,exposure_floor_uptrend
2021-10-13,TATACONSUM,REDUCE,exposure_floor_uptrend
2021-10-13,TATASTEEL,EXIT,exposure_floor_uptrend
2021-10-13,ULTRACEMCO,REDUCE,exposure_floor_uptrend
2021-10-14,APOLLOHOSP,REDUCE,exposure_floor_uptrend
2021-10-14,INFY,REDUCE,exposure_floor_uptrend
2021-10-14,JSWSTEEL,EXIT,exposure_floor_uptrend
2021-10-14,MAXHEALTH,EXIT,exposure_floor_uptrend
2021-10-14,TCS,REDUCE,exposure_floor_uptrend
2021-10-14,TATACONSUM,REDUCE,exposure_floor_uptrend
2021-10-14,TATASTEEL,EXIT,exposure_floor_uptrend
2021-10-14,ULTRACEMCO,REDUCE,exposure_floor_uptrend
2021-10-18,APOLLOHOSP,REDUCE,exposure_floor_uptrend
2021-10-18,INFY,REDUCE,exposure_floor_uptrend
2021-10-18,JSWSTEEL,EXIT,exposure_floor_uptrend
2021-10-18,MAXHEALTH,EXIT,exposure_floor_uptrend
2021-10-18,TCS,REDUCE,exposure_floor_uptrend
2021-10-18,TATACONSUM,REDUCE,exposure_floor_uptrend
2021-10-18,TATASTEEL,EXIT,exposure_floor_uptrend
2021-10-18,ULTRACEMCO,REDUCE,exposure_floor_uptrend
2021-10-19,APOLLOHOSP,EXIT,exposure_floor_uptrend
2021-10-19,INFY,REDUCE,exposure_floor_uptrend
2021-10-19,JSWSTEEL,EXIT,exposure_floor_uptrend
2021-10-19,MAXHEALTH,EXIT,exposure_floor_uptrend
2021-10-19,TCS,REDUCE,exposure_floor_uptrend
2021-10-19,TATACONSUM,REDUCE,exposure_floor_uptrend
2021-10-19,TATASTEEL,EXIT,exposure_floor_uptrend
2021-10-19,ULTRACEMCO,REDUCE,exposure_floor_uptrend
2021-10-20,APOLLOHOSP,EXIT,exposure_floor_uptrend
2021-10-20,INFY,REDUCE,exposure_floor_uptrend
2021-10-20,JSWSTEEL,EXIT,exposure_floor_uptrend
2021-10-20,MAXHEALTH,EXIT,exposure_floor_uptrend
2021-10-20,SBILIFE,REDUCE,exposure_floor_uptrend
2021-10-20,TCS,REDUCE,exposure_floor_uptrend
2021-10-20,TATACONSUM,REDUCE,exposure_floor_uptrend
2021-10-20,TATASTEEL,EXIT,exposure_floor_uptrend
2021-10-20,ULTRACEMCO,REDUCE,exposure_floor_uptrend
2021-10-21,APOLLOHOSP,EXIT,exposure_floor_uptrend
2021-10-21,INFY,REDUCE,exposure_floor_uptrend
2021-10-21,JSWSTEEL,EXIT,exposure_floor_uptrend
2021-10-21,MAXHEALTH,EXIT,exposure_floor_uptrend
2021-10-21,SBILIFE,REDUCE,exposure_floor_uptrend
2021-10-21,TCS,REDUCE,exposure_floor_uptrend
2021-10-21,TATACONSUM,REDUCE,exposure_floor_uptrend
2021-10-21,TATASTEEL,EXIT,exposure_floor_uptrend
2021-10-21,ULTRACEMCO,REDUCE,exposure_floor_uptrend
2021-10-22,APOLLOHOSP,EXIT,exposure_floor_uptrend
2021-10-22,INFY,REDUCE,exposure_floor_uptrend
2021-10-22,JSWSTEEL,EXIT,exposure_floor_uptrend
2021-10-22,MAXHEALTH,EXIT,exposure_floor_uptrend
2021-10-22,SBILIFE,REDUCE,exposure_floor_uptrend
2021-10-22,TCS,REDUCE,exposure_floor_uptrend
2021-10-22,TATACONSUM,REDUCE,exposure_floor_uptrend
2021-10-22,TATASTEEL,EXIT,exposure_floor_uptrend
2021-10-22,ULTRACEMCO,REDUCE,exposure_floor_uptrend
2021-10-25,APOLLOHOSP,EXIT,exposure_floor_uptrend
2021-10-25,HCLTECH,REDUCE,exposure_floor_uptrend
2021-10-25,INFY,REDUCE,exposure_floor_uptrend
2021-10-25,JSWSTEEL,EXIT,exposure_floor_uptrend
2021-10-25,MAXHEALTH,EXIT,exposure_floor_uptrend
2021-10-25,SBILIFE,REDUCE,exposure_floor_uptrend
2021-10-25,TCS,REDUCE,exposure_floor_uptrend
2021-10-25,TATACONSUM,REDUCE,exposure_floor_uptrend
2021-10-25,TATASTEEL,EXIT,exposure_floor_uptrend
2021-10-25,ULTRACEMCO,REDUCE,exposure_floor_uptrend
2021-10-26,APOLLOHOSP,EXIT,exposure_floor_uptrend
2021-10-26,HCLTECH,REDUCE,exposure_floor_uptrend
2021-10-26,INFY,REDUCE,exposure_floor_uptrend
2021-10-26,JSWSTEEL,EXIT,exposure_floor_uptrend
2021-10-26,MAXHEALTH,EXIT,exposure_floor_uptrend
2021-10-26,SBILIFE,REDUCE,exposure_floor_uptrend
2021-10-26,TCS,REDUCE,exposure_floor_uptrend
2021-10-26,TATACONSUM,REDUCE,exposure_floor_uptrend
2021-10-26,TATASTEEL,EXIT,exposure_floor_uptrend
2021-10-26,ULTRACEMCO,REDUCE,exposure_floor_uptrend
2021-10-27,APOLLOHOSP,EXIT,exposure_floor_uptrend
2021-10-27,HCLTECH,REDUCE,exposure_floor_uptrend
2021-10-27,INFY,REDUCE,exposure_floor_uptrend
2021-10-27,JSWSTEEL,EXIT,exposure_floor_uptrend
2021-10-27,MAXHEALTH,EXIT,exposure_floor_uptrend
2021-10-27,SBILIFE,REDUCE,exposure_floor_uptrend
2021-10-27,TCS,REDUCE,exposure_floor_uptrend
2021-10-27,TATACONSUM,REDUCE,exposure_floor_uptrend
2021-10-27,TATASTEEL,EXIT,exposure_floor_uptrend
2021-10-27,ULTRACEMCO,REDUCE,exposure_floor_uptrend
2021-10-28,APOLLOHOSP,EXIT,exposure_floor_uptrend
2021-10-28,CIPLA,EXIT,exposure_floor_uptrend
2021-10-28,HCLTECH,REDUCE,exposure_floor_uptrend
2021-10-28,HINDALCO,REDUCE,exposure_floor_uptrend
2021-10-28,ITC,REDUCE,exposure_floor_uptrend
2021-10-28,INFY,REDUCE,exposure_floor_uptrend
2021-10-28,JSWSTEEL,EXIT,exposure_floor_uptrend
2021-10-28,MAXHEALTH,EXIT,exposure_floor_uptrend
2021-10-28,SBILIFE,REDUCE,exposure_floor_uptrend
2021-10-28,TCS,REDUCE,exposure_floor_uptrend
2021-10-28,TATACONSUM,REDUCE,exposure_floor_uptrend
2021-10-28,TATASTEEL,EXIT,exposure_floor_uptrend
2021-10-28,ULTRACEMCO,REDUCE,exposure_floor_uptrend
2021-10-28,WIPRO,REDUCE,exposure_floor_uptrend
2021-10-29,APOLLOHOSP,EXIT,exposure_floor_uptrend
2021-10-29,CIPLA,EXIT,exposure_floor_uptrend
2021-10-29,HCLTECH,EXIT,exposure_floor_uptrend
2021-10-29,HINDALCO,EXIT,exposure_floor_uptrend
2021-10-29,ITC,REDUCE,exposure_floor_uptrend
2021-10-29,INFY,REDUCE,exposure_floor_uptrend
2021-10-29,JSWSTEEL,EXIT,exposure_floor_uptrend
2021-10-29,MAXHEALTH,EXIT,exposure_floor_uptrend
2021-10-29,SBILIFE,REDUCE,exposure_floor_uptrend
2021-10-29,SUNPHARMA,REDUCE,exposure_floor_uptrend
2021-10-29,TCS,REDUCE,exposure_floor_uptrend
2021-10-29,TATACONSUM,REDUCE,exposure_floor_uptrend
2021-10-29,TATASTEEL,EXIT,exposure_floor_uptrend
2021-10-29,ULTRACEMCO,REDUCE,exposure_floor_uptrend
2021-10-29,WIPRO,REDUCE,exposure_floor_uptrend
2021-11-01,APOLLOHOSP,EXIT,exposure_floor_uptrend
2021-11-01,CIPLA,EXIT,exposure_floor_uptrend
2021-11-01,HCLTECH,EXIT,exposure_floor_uptrend
2021-11-01,HINDALCO,EXIT,exposure_floor_uptrend
2021-11-01,ITC,REDUCE,exposure_floor_uptrend
2021-11-01,INFY,REDUCE,exposure_floor_uptrend
2021-11-01,JSWSTEEL,EXIT,exposure_floor_uptrend
2021-11-01,MAXHEALTH,EXIT,exposure_floor_uptrend
2021-11-01,SBILIFE,REDUCE,exposure_floor_uptrend
2021-11-01,SUNPHARMA,REDUCE,exposure_floor_uptrend
2021-11-01,TCS,REDUCE,exposure_floor_uptrend
2021-11-01,TATACONSUM,REDUCE,exposure_floor_uptrend
2021-11-01,TATASTEEL,EXIT,exposure_floor_uptrend
2021-11-01,ULTRACEMCO,REDUCE,exposure_floor_uptrend
2021-11-01,WIPRO,REDUCE,exposure_floor_uptrend
2021-11-02,APOLLOHOSP,EXIT,exposure_floor_uptrend
2021-11-02,CIPLA,EXIT,exposure_floor_uptrend
2021-11-02,HCLTECH,EXIT,exposure_floor_uptrend
2021-11-02,HINDALCO,EXIT,exposure_floor_uptrend
2021-11-02,ITC,REDUCE,exposure_floor_uptrend
2021-11-02,INFY,REDUCE,exposure_floor_uptrend
2021-11-02,JSWSTEEL,EXIT,exposure_floor_uptrend
2021-11-02,MAXHEALTH,EXIT,exposure_floor_uptrend
2021-11-02,SBILIFE,REDUCE,exposure_floor_uptrend
2021-11-02,SUNPHARMA,REDUCE,exposure_floor_uptrend
2021-11-02,TCS,REDUCE,exposure_floor_uptrend
2021-11-02,TATACONSUM,REDUCE,exposure_floor_uptrend
2021-11-02,TATASTEEL,EXIT,exposure_floor_uptrend
2021-11-02,ULTRACEMCO,REDUCE,exposure_floor_uptrend
2021-11-02,WIPRO,REDUCE,exposure_floor_uptrend
2021-11-03,APOLLOHOSP,EXIT,exposure_floor_uptrend
2021-11-03,CIPLA,EXIT,exposure_floor_uptrend
2021-11-03,HCLTECH,EXIT,exposure_floor_uptrend
2021-11-03,HINDALCO,EXIT,exposure_floor_uptrend
2021-11-03,ITC,EXIT,exposure_floor_uptrend
2021-11-03,INFY,REDUCE,exposure_floor_uptrend
2021-11-03,JSWSTEEL,EXIT,exposure_floor_uptrend
2021-11-03,MAXHEALTH,EXIT,exposure_floor_uptrend
2021-11-03,SBILIFE,REDUCE,exposure_floor_uptrend
2021-11-03,SUNPHARMA,REDUCE,exposure_floor_uptrend
2021-11-03,TCS,REDUCE,exposure_floor_uptrend
2021-11-03,TATACONSUM,REDUCE,exposure_floor_uptrend
2021-11-03,TATASTEEL,EXIT,exposure_floor_uptrend
2021-11-03,ULTRACEMCO,REDUCE,exposure_floor_uptrend
2021-11-03,WIPRO,REDUCE,exposure_floor_uptrend
2021-11-04,APOLLOHOSP,EXIT,exposure_floor_uptrend
2021-11-04,CIPLA,EXIT,exposure_floor_uptrend
2021-11-04,HCLTECH,EXIT,exposure_floor_uptrend
2021-11-04,HINDALCO,EXIT,exposure_floor_uptrend
2021-11-04,ITC,EXIT,exposure_floor_uptrend
2021-11-04,INFY,REDUCE,exposure_floor_uptrend
2021-11-04,JSWSTEEL,EXIT,exposure_floor_uptrend
2021-11-04,MAXHEALTH,EXIT,exposure_floor_uptrend
2021-11-04,SBILIFE,REDUCE,exposure_floor_uptrend
2021-11-04,SUNPHARMA,REDUCE,exposure_floor_uptrend
2021-11-04,TCS,REDUCE,exposure_floor_uptrend
2021-11-04,TATACONSUM,REDUCE,exposure_floor_uptrend
2021-11-04,TATASTEEL,EXIT,exposure_floor_uptrend
2021-11-04,ULTRACEMCO,REDUCE,exposure_floor_uptrend
2021-11-04,WIPRO,REDUCE,exposure_floor_uptrend
2021-11-08,APOLLOHOSP,EXIT,exposure_floor_uptrend
2021-11-08,CIPLA,EXIT,exposure_floor_uptrend
2021-11-08,HCLTECH,EXIT,exposure_floor_uptrend
2021-11-08,HINDALCO,EXIT,exposure_floor_uptrend
2021-11-08,ITC,EXIT,exposure_floor_uptrend
2021-11-08,INFY,REDUCE,exposure_floor_uptrend
2021-11-08,JSWSTEEL,EXIT,exposure_floor_uptrend
2021-11-08,MAXHEALTH,EXIT,exposure_floor_uptrend
2021-11-08,SBILIFE,REDUCE,exposure_floor_uptrend
2021-11-08,SUNPHARMA,REDUCE,exposure_floor_uptrend
2021-11-08,TCS,REDUCE,exposure_floor_uptrend
2021-11-08,TATACONSUM,REDUCE,exposure_floor_uptrend
2021-11-08,TATASTEEL,EXIT,exposure_floor_uptrend
2021-11-08,WIPRO,REDUCE,exposure_floor_uptrend
2021-11-09,APOLLOHOSP,EXIT,exposure_floor_uptrend
2021-11-09,CIPLA,EXIT,exposure_floor_uptrend
2021-11-09,HCLTECH,EXIT,exposure_floor_uptrend
2021-11-09,HINDALCO,EXIT,exposure_floor_uptrend
2021-11-09,ITC,EXIT,exposure_floor_uptrend
2021-11-09,INFY,REDUCE,exposure_floor_uptrend
2021-11-09,JSWSTEEL,EXIT,exposure_floor_uptrend
2021-11-09,MAXHEALTH,EXIT,exposure_floor_uptrend
2021-11-09,SBILIFE,REDUCE,exposure_floor_uptrend
2021-11-09,SUNPHARMA,REDUCE,exposure_floor_uptrend
2021-11-09,TCS,REDUCE,exposure_floor_uptrend
2021-11-09,TATACONSUM,REDUCE,exposure_floor_uptrend
2021-11-09,TATASTEEL,EXIT,exposure_floor_uptrend
2021-11-09,WIPRO,REDUCE,exposure_floor_uptrend
2021-11-10,APOLLOHOSP,EXIT,exposure_floor_uptrend
2021-11-10,CIPLA,EXIT,exposure_floor_uptrend
2021-11-10,HCLTECH,EXIT,exposure_floor_uptrend
2021-11-10,HINDALCO,EXIT,exposure_floor_uptrend
2021-11-10,ITC,EXIT,exposure_floor_uptrend
2021-11-10,INFY,REDUCE,exposure_floor_uptrend
2021-11-10,JSWSTEEL,EXIT,exposure_floor_uptrend
2021-11-10,MAXHEALTH,EXIT,exposure_floor_uptrend
2021-11-10,POWERGRID,REDUCE,exposure_floor_uptrend
2021-11-10,SBILIFE,REDUCE,exposure_floor_uptrend
2021-11-10,SUNPHARMA,REDUCE,exposure_floor_uptrend
2021-11-10,TCS,REDUCE,exposure_floor_uptrend
2021-11-10,TATACONSUM,REDUCE,exposure_floor_uptrend
2021-11-10,TATASTEEL,EXIT,exposure_floor_uptrend
2021-11-10,WIPRO,REDUCE,exposure_floor_uptrend
2021-11-11,APOLLOHOSP,EXIT,exposure_floor_uptrend
2021-11-11,CIPLA,EXIT,exposure_floor_uptrend
2021-11-11,HCLTECH,EXIT,exposure_floor_uptrend
2021-11-11,HINDALCO,EXIT,exposure_floor_uptrend
2021-11-11,ITC,EXIT,exposure_floor_uptrend
2021-11-11,INFY,REDUCE,exposure_floor_uptrend
2021-11-11,JSWSTEEL,EXIT,exposure_floor_uptrend
2021-11-11,MAXHEALTH,EXIT,exposure_floor_uptrend
2021-11-11,POWERGRID,REDUCE,exposure_floor_uptrend
2021-11-11,SBILIFE,REDUCE,exposure_floor_uptrend
2021-11-11,SUNPHARMA,REDUCE,exposure_floor_uptrend
2021-11-11,TCS,REDUCE,exposure_floor_uptrend
2021-11-11,TATACONSUM,REDUCE,exposure_floor_uptrend
2021-11-11,TATASTEEL,EXIT,exposure_floor_uptrend
2021-11-11,WIPRO,REDUCE,exposure_floor_uptrend
2021-11-12,APOLLOHOSP,EXIT,exposure_floor_uptrend
2021-11-12,CIPLA,EXIT,exposure_floor_uptrend
2021-11-12,HCLTECH,EXIT,exposure_floor_uptrend
2021-11-12,HINDALCO,EXIT,exposure_floor_uptrend
2021-11-12,ITC,EXIT,exposure_floor_uptrend
2021-11-12,INFY,REDUCE,exposure_floor_uptrend
2021-11-12,JSWSTEEL,EXIT,exposure_floor_uptrend
2021-11-12,MAXHEALTH,EXIT,exposure_floor_uptrend
2021-11-12,POWERGRID,REDUCE,exposure_floor_uptrend
2021-11-12,SBILIFE,REDUCE,exposure_floor_uptrend
2021-11-12,SUNPHARMA,REDUCE,exposure_floor_uptrend
2021-11-12,TCS,REDUCE,exposure_floor_uptrend
2021-11-12,TATACONSUM,REDUCE,exposure_floor_uptrend
2021-11-12,TATASTEEL,EXIT,exposure_floor_uptrend
2021-11-12,WIPRO,REDUCE,exposure_floor_uptrend
2021-11-15,APOLLOHOSP,EXIT,exposure_floor_uptrend
2021-11-15,CIPLA,EXIT,exposure_floor_uptrend
2021-11-15,HCLTECH,EXIT,exposure_floor_uptrend
2021-11-15,HINDALCO,EXIT,exposure_floor_uptrend
2021-11-15,ITC,EXIT,exposure_floor_uptrend
2021-11-15,JSWSTEEL,EXIT,exposure_floor_uptrend
2021-11-15,MAXHEALTH,EXIT,exposure_floor_uptrend
2021-11-15,SBILIFE,REDUCE,exposure_floor_uptrend
2021-11-15,SUNPHARMA,REDUCE,exposure_floor_uptrend
2021-11-15,TCS,REDUCE,exposure_floor_uptrend
2021-11-15,TATACONSUM,REDUCE,exposure_floor_uptrend
2021-11-15,TATASTEEL,EXIT,exposure_floor_uptrend
2021-11-15,WIPRO,REDUCE,exposure_floor_uptrend
2021-11-16,APOLLOHOSP,EXIT,exposure_floor_uptrend
2021-11-16,CIPLA,EXIT,exposure_floor_uptrend
2021-11-16,HCLTECH,EXIT,exposure_floor_uptrend
2021-11-16,HINDALCO,EXIT,exposure_floor_uptrend
2021-11-16,ITC,EXIT,exposure_floor_uptrend
2021-11-16,JSWSTEEL,EXIT,exposure_floor_uptrend
2021-11-16,MAXHEALTH,EXIT,exposure_floor_uptrend
2021-11-16,SBILIFE,REDUCE,exposure_floor_uptrend
2021-11-16,SUNPHARMA,REDUCE,exposure_floor_uptrend
2021-11-16,TCS,REDUCE,exposure_floor_uptrend
2021-11-16,TATACONSUM,REDUCE,exposure_floor_uptrend
2021-11-16,TATASTEEL,EXIT,exposure_floor_uptrend
2021-11-16,WIPRO,REDUCE,exposure_floor_uptrend
2021-11-17,APOLLOHOSP,EXIT,exposure_floor_uptrend
2021-11-17,CIPLA,EXIT,exposure_floor_uptrend
2021-11-17,HCLTECH,EXIT,exposure_floor_uptrend
2021-11-17,HINDALCO,EXIT,exposure_floor_uptrend
2021-11-17,ITC,EXIT,exposure_floor_uptrend
2021-11-17,JSWSTEEL,EXIT,exposure_floor_uptrend
2021-11-17,MAXHEALTH,EXIT,exposure_floor_uptrend
2021-11-17,SBILIFE,REDUCE,exposure_floor_uptrend
2021-11-17,SUNPHARMA,REDUCE,exposure_floor_uptrend
2021-11-17,TCS,REDUCE,exposure_floor_uptrend
2021-11-17,TATACONSUM,REDUCE,exposure_floor_uptrend
2021-11-17,TATASTEEL,EXIT,exposure_floor_uptrend
2021-11-17,WIPRO,REDUCE,exposure_floor_uptrend
2021-11-18,APOLLOHOSP,EXIT,exposure_floor_uptrend
2021-11-18,CIPLA,EXIT,exposure_floor_uptrend
2021-11-18,HCLTECH,EXIT,exposure_floor_uptrend
2021-11-18,HINDALCO,EXIT,exposure_floor_uptrend
2021-11-18,ITC,EXIT,exposure_floor_uptrend
2021-11-18,JSWSTEEL,EXIT,exposure_floor_uptrend
2021-11-18,MAXHEALTH,EXIT,exposure_floor_uptrend
2021-11-18,SBILIFE,REDUCE,exposure_floor_uptrend
2021-11-18,SUNPHARMA,REDUCE,exposure_floor_uptrend
2021-11-18,TCS,REDUCE,exposure_floor_uptrend
2021-11-18,TATACONSUM,REDUCE,exposure_floor_uptrend
2021-11-18,TATASTEEL,EXIT,exposure_floor_uptrend
2021-11-18,WIPRO,REDUCE,exposure_floor_uptrend
2022-01-13,WIPRO,REDUCE,exposure_floor_uptrend
2022-01-14,WIPRO,REDUCE,exposure_floor_uptrend
2022-01-17,WIPRO,REDUCE,exposure_floor_uptrend
2022-01-18,WIPRO,REDUCE,exposure_floor_uptrend
2022-01-19,ULTRACEMCO,REDUCE,exposure_floor_uptrend
2022-01-19,WIPRO,REDUCE,exposure_floor_uptrend
2022-01-20,ULTRACEMCO,REDUCE,exposure_floor_uptrend
2022-01-20,WIPRO,REDUCE,exposure_floor_uptrend
2022-01-21,ULTRACEMCO,REDUCE,exposure_floor_uptrend
2022-01-21,WIPRO,EXIT,exposure_floor_uptrend
